location,garbage,dates
Brintondorf,residual waste,08.01.2022;21.01.2022;04.02.2022;18.02.2022;04.03.2022;18.03.2022;01.04.2022;14.04.2022;29.04.2022;13.05.2022;28.05.2022;11.06.2022;24.06.2022;08.07.2022;22.07.2022;05.08.2022;20.08.2022;02.09.2022;16.09.2022;30.09.2022;14.10.2022;28.10.2022;11.11.2022;25.11.2022;09.12.2022;23.12.2022
Brintondorf,organic,14.01.2022;28.01.2022;11.02.2022;25.02.2022;11.03.2022;25.03.2022;08.04.2022;23.04.2022;06.05.2022;20.05.2022;03.06.2022;18.06.2022;01.07.2022;15.07.2022;29.07.2022;12.08.2022;26.08.2022;09.09.2022;23.09.2022;08.10.2022;21.10.2022;05.11.2022;18.11.2022;02.12.2022;16.12.2022;31.12.2022
Brintondorf,paper,10.01.2022;07.02.2022;07.03.2022;04.04.2022;02.05.2022;30.05.2022;27.06.2022;25.07.2022;22.08.2022;19.09.2022;17.10.2022;14.11.2022;12.12.2022
Brintondorf,plastic,11.01.2022;08.02.2022;08.03.2022;05.04.2022;03.05.2022;31.05.2022;28.06.2022;26.07.2022;23.08.2022;20.09.2022;18.10.2022;15.11.2022;13.12.2022
Brintondorf,bulk garbage,03.02.2022;07.04.2022;09.06.2022;11.08.2022;13.10.2022;08.12.2022
Brintondorf,special waste,09.04.2022;29.10.2022
Burney,residual waste,13.01.2022;27.01.2022;10.02.2022;24.02.2022;10.03.2022;24.03.2022;07.04.2022;22.04.2022;05.05.2022;19.05.2022;02.06.2022;17.06.2022;30.06.2022;14.07.2022;28.07.2022;11.08.2022;25.08.2022;08.09.2022;22.09.2022;07.10.2022;20.10.2022;04.11.2022;17.11.2022;01.12.2022;15.12.2022;30.12.2022
Burney,organic,07.01.2022;20.01.2022;03.02.2022;17.02.2022;03.03.2022;17.03.2022;31.03.2022;13.04.2022;28.04.2022;12.05.2022;27.05.2022;10.06.2022;23.06.2022;07.07.2022;21.07.2022;04.08.2022;19.08.2022;01.09.2022;15.09.2022;29.09.2022;13.10.2022;27.10.2022;10.11.2022;24.11.2022;08.12.2022;22.12.2022
Burney,paper,11.01.2022;08.02.2022;08.03.2022;05.04.2022;03.05.2022;31.05.2022;28.06.2022;26.07.2022;23.08.2022;20.09.2022;18.10.2022;15.11.2022;13.12.2022
Burney,plastic,26.01.2022;23.02.2022;23.03.2022;21.04.2022;18.05.2022;15.06.2022;13.07.2022;10.08.2022;07.09.2022;06.10.2022;03.11.2022;30.11.2022;29.12.2022
Burney,bulk garbage,01.02.2022;06.04.2022;09.06.2022;09.08.2022;11.10.2022;06.12.2022
Burney,special waste,14.05.2022;19.11.2022
Coradiniberg,residual waste,14.01.2022;28.01.2022;11.02.2022;25.02.2022;11.03.2022;25.03.2022;08.04.2022;23.04.2022;06.05.2022;20.05.2022;03.06.2022;18.06.2022;01.07.2022;15.07.2022;29.07.2022;12.08.2022;26.08.2022;09.09.2022;23.09.2022;08.10.2022;21.10.2022;05.11.2022;18.11.2022;02.12.2022;16.12.2022;31.12.2022
Coradiniberg,organic,08.01.2022;21.01.2022;04.02.2022;18.02.2022;04.03.2022;18.03.2022;01.04.2022;14.04.2022;29.04.2022;13.05.2022;28.05.2022;11.06.2022;24.06.2022;08.07.2022;22.07.2022;05.08.2022;20.08.2022;02.09.2022;16.09.2022;30.09.2022;14.10.2022;28.10.2022;11.11.2022;25.11.2022;09.12.2022;23.12.2022
Coradiniberg,paper,08.01.2022;04.02.2022;04.03.2022;01.04.2022;29.04.2022;28.05.2022;24.06.2022;22.07.2022;20.08.2022;16.09.2022;14.10.2022;11.11.2022;09.12.2022
Coradiniberg,plastic,03.01.2022;31.01.2022;28.02.2022;28.03.2022;25.04.2022;23.05.2022;20.06.2022;18.07.2022;16.08.2022;12.09.2022;10.10.2022;07.11.2022;05.12.2022
Coradiniberg,bulk garbage,03.02.2022;07.04.2022;09.06.2022;11.08.2022;13.10.2022;08.12.2022
Coradiniberg,special waste,02.04.2022;22.10.2022
Coughlinbach,residual waste,05.01.2022;19.01.2022;02.02.2022;16.02.2022;02.03.2022;16.03.2022;30.03.2022;12.04.2022;27.04.2022;11.05.2022;25.05.2022;09.06.2022;22.06.2022;06.07.2022;20.07.2022;03.08.2022;18.08.2022;31.08.2022;14.09.2022;28.09.2022;12.10.2022;26.10.2022;09.11.2022;23.11.2022;07.12.2022;21.12.2022
Coughlinbach,organic,12.01.2022;26.01.2022;09.02.2022;23.02.2022;09.03.2022;23.03.2022;06.04.2022;21.04.2022;04.05.2022;18.05.2022;01.06.2022;15.06.2022;29.06.2022;13.07.2022;27.07.2022;10.08.2022;24.08.2022;07.09.2022;21.09.2022;06.10.2022;19.10.2022;03.11.2022;16.11.2022;30.11.2022;14.12.2022;29.12.2022
Coughlinbach,paper,27.01.2022;24.02.2022;24.03.2022;22.04.2022;19.05.2022;17.06.2022;14.07.2022;11.08.2022;08.09.2022;07.10.2022;04.11.2022;01.12.2022;30.12.2022
Coughlinbach,plastic,05.01.2022;02.02.2022;02.03.2022;30.03.2022;27.04.2022;25.05.2022;22.06.2022;20.07.2022;18.08.2022;14.09.2022;12.10.2022;09.11.2022;07.12.2022
Coughlinbach,bulk garbage,03.02.2022;07.04.2022;07.06.2022;09.08.2022;13.10.2022;08.12.2022
Coughlinbach,special waste,12.02.2022;02.07.2022;10.09.2022
Edgeworth,residual waste,03.01.2022;17.01.2022;31.01.2022;14.02.2022;28.02.2022;14.03.2022;28.03.2022;09.04.2022;25.04.2022;09.05.2022;23.05.2022;07.06.2022;20.06.2022;04.07.2022;18.07.2022;01.08.2022;16.08.2022;29.08.2022;12.09.2022;26.09.2022;10.10.2022;24.10.2022;07.11.2022;21.11.2022;05.12.2022;19.12.2022
Edgeworth,organic,10.01.2022;24.01.2022;07.02.2022;21.02.2022;07.03.2022;21.03.2022;04.04.2022;19.04.2022;02.05.2022;16.05.2022;30.05.2022;13.06.2022;27.06.2022;11.07.2022;25.07.2022;08.08.2022;22.08.2022;05.09.2022;19.09.2022;04.10.2022;17.10.2022;31.10.2022;14.11.2022;28.11.2022;12.12.2022;27.12.2022
Edgeworth,paper,04.01.2022;01.02.2022;01.03.2022;29.03.2022;26.04.2022;24.05.2022;21.06.2022;19.07.2022;17.08.2022;13.09.2022;11.10.2022;08.11.2022;06.12.2022
Edgeworth,plastic,24.01.2022;21.02.2022;21.03.2022;19.04.2022;16.05.2022;13.06.2022;11.07.2022;08.08.2022;05.09.2022;04.10.2022;31.10.2022;28.11.2022;27.12.2022
Edgeworth,bulk garbage,03.02.2022;07.04.2022;09.06.2022;11.08.2022;13.10.2022;08.12.2022
Edgeworth,special waste,30.04.2022;12.11.2022
Elliotheim,residual waste,12.01.2022;26.01.2022;09.02.2022;23.02.2022;09.03.2022;23.03.2022;06.04.2022;21.04.2022;04.05.2022;18.05.2022;01.06.2022;15.06.2022;29.06.2022;13.07.2022;27.07.2022;10.08.2022;24.08.2022;07.09.2022;21.09.2022;06.10.2022;19.10.2022;03.11.2022;16.11.2022;30.11.2022;14.12.2022;29.12.2022
Elliotheim,organic,05.01.2022;19.01.2022;02.02.2022;16.02.2022;02.03.2022;16.03.2022;30.03.2022;12.04.2022;27.04.2022;11.05.2022;25.05.2022;09.06.2022;22.06.2022;06.07.2022;20.07.2022;03.08.2022;18.08.2022;31.08.2022;14.09.2022;28.09.2022;12.10.2022;26.10.2022;09.11.2022;23.11.2022;07.12.2022;21.12.2022
Elliotheim,paper,10.01.2022;07.02.2022;07.03.2022;04.04.2022;02.05.2022;30.05.2022;27.06.2022;25.07.2022;22.08.2022;19.09.2022;17.10.2022;14.11.2022;12.12.2022
Elliotheim,plastic,11.01.2022;08.02.2022;08.03.2022;05.04.2022;03.05.2022;31.05.2022;28.06.2022;26.07.2022;23.08.2022;20.09.2022;18.10.2022;15.11.2022;13.12.2022
Elliotheim,bulk garbage,03.02.2022;07.04.2022;07.06.2022;11.08.2022;13.10.2022;08.12.2022
Elliotheim,special waste,09.04.2022;29.10.2022
Farinelladorf,residual waste,03.01.2022;17.01.2022;31.01.2022;14.02.2022;28.02.2022;14.03.2022;28.03.2022;09.04.2022;25.04.2022;09.05.2022;23.05.2022;07.06.2022;20.06.2022;04.07.2022;18.07.2022;01.08.2022;16.08.2022;29.08.2022;12.09.2022;26.09.2022;10.10.2022;24.10.2022;07.11.2022;21.11.2022;05.12.2022;19.12.2022
Safronov,bulk garbage,02.02.2022;05.04.2022;09.06.2022;09.08.2022;12.10.2022;07.12.2022
Farinelladorf,organic,10.01.2022;24.01.2022;07.02.2022;21.02.2022;07.03.2022;21.03.2022;04.04.2022;19.04.2022;02.05.2022;16.05.2022;30.05.2022;13.06.2022;27.06.2022;11.07.2022;25.07.2022;08.08.2022;22.08.2022;05.09.2022;19.09.2022;04.10.2022;17.10.2022;31.10.2022;14.11.2022;28.11.2022;12.12.2022;27.12.2022
Farinelladorf,paper,04.01.2022;01.02.2022;01.03.2022;29.03.2022;26.04.2022;24.05.2022;21.06.2022;19.07.2022;17.08.2022;13.09.2022;11.10.2022;08.11.2022;06.12.2022
Farinelladorf,plastic,24.01.2022;21.02.2022;21.03.2022;19.04.2022;16.05.2022;13.06.2022;11.07.2022;08.08.2022;05.09.2022;04.10.2022;31.10.2022;28.11.2022;27.12.2022
Farinelladorf,bulk garbage,03.02.2022;07.04.2022;09.06.2022;11.08.2022;13.10.2022;08.12.2022
Farinelladorf,special waste,30.04.2022;12.11.2022
Giclas,residual waste,04.01.2022;18.01.2022;01.02.2022;15.02.2022;01.03.2022;15.03.2022;29.03.2022;11.04.2022;26.04.2022;10.05.2022;24.05.2022;08.06.2022;21.06.2022;05.07.2022;19.07.2022;02.08.2022;17.08.2022;30.08.2022;13.09.2022;27.09.2022;11.10.2022;25.10.2022;08.11.2022;22.11.2022;06.12.2022;20.12.2022
Giclas,organic,11.01.2022;25.01.2022;08.02.2022;22.02.2022;08.03.2022;22.03.2022;05.04.2022;20.04.2022;03.05.2022;17.05.2022;31.05.2022;14.06.2022;28.06.2022;12.07.2022;26.07.2022;09.08.2022;23.08.2022;06.09.2022;20.09.2022;05.10.2022;18.10.2022;02.11.2022;15.11.2022;29.11.2022;13.12.2022;28.12.2022
Giclas,paper,14.01.2022;11.02.2022;11.03.2022;08.04.2022;06.05.2022;03.06.2022;01.07.2022;29.07.2022;26.08.2022;23.09.2022;21.10.2022;18.11.2022;16.12.2022
Giclas,plastic,10.01.2022;07.02.2022;07.03.2022;04.04.2022;02.05.2022;30.05.2022;27.06.2022;25.07.2022;22.08.2022;19.09.2022;17.10.2022;14.11.2022;12.12.2022
Giclas,bulk garbage,03.02.2022;07.04.2022;09.06.2022;11.08.2022;13.10.2022;08.12.2022
Giclas,special waste,21.05.2022;26.11.2022
Gueststadt,residual waste,13.01.2022;27.01.2022;10.02.2022;24.02.2022;10.03.2022;24.03.2022;07.04.2022;22.04.2022;05.05.2022;19.05.2022;02.06.2022;17.06.2022;30.06.2022;14.07.2022;28.07.2022;11.08.2022;25.08.2022;08.09.2022;22.09.2022;07.10.2022;20.10.2022;04.11.2022;17.11.2022;01.12.2022;15.12.2022;30.12.2022
Gueststadt,organic,07.01.2022;20.01.2022;03.02.2022;17.02.2022;03.03.2022;17.03.2022;31.03.2022;13.04.2022;28.04.2022;12.05.2022;27.05.2022;10.06.2022;23.06.2022;07.07.2022;21.07.2022;04.08.2022;19.08.2022;01.09.2022;15.09.2022;29.09.2022;13.10.2022;27.10.2022;10.11.2022;24.11.2022;08.12.2022;22.12.2022
Gueststadt,paper,18.01.2022;15.02.2022;15.03.2022;11.04.2022;10.05.2022;08.06.2022;05.07.2022;02.08.2022;30.08.2022;27.09.2022;25.10.2022;22.11.2022;20.12.2022
Gueststadt,plastic,27.01.2022;24.02.2022;24.03.2022;22.04.2022;19.05.2022;17.06.2022;14.07.2022;11.08.2022;08.09.2022;07.10.2022;04.11.2022;01.12.2022;30.12.2022
Gueststadt,bulk garbage,01.02.2022;05.04.2022;09.06.2022;09.08.2022;11.10.2022;06.12.2022
Gueststadt,special waste,14.05.2022;19.11.2022
H. Smith,residual waste,05.01.2022;19.01.2022;02.02.2022;16.02.2022;02.03.2022;16.03.2022;30.03.2022;12.04.2022;27.04.2022;11.05.2022;25.05.2022;09.06.2022;22.06.2022;06.07.2022;20.07.2022;03.08.2022;18.08.2022;31.08.2022;14.09.2022;28.09.2022;12.10.2022;26.10.2022;09.11.2022;23.11.2022;07.12.2022;21.12.2022
H. Smith,organic,12.01.2022;26.01.2022;09.02.2022;23.02.2022;09.03.2022;23.03.2022;06.04.2022;21.04.2022;04.05.2022;18.05.2022;01.06.2022;15.06.2022;29.06.2022;13.07.2022;27.07.2022;10.08.2022;24.08.2022;07.09.2022;21.09.2022;06.10.2022;19.10.2022;03.11.2022;16.11.2022;30.11.2022;14.12.2022;29.12.2022
H. Smith,paper,03.01.2022;31.01.2022;28.02.2022;28.03.2022;25.04.2022;23.05.2022;20.06.2022;18.07.2022;16.08.2022;12.09.2022;10.10.2022;07.11.2022;05.12.2022
H. Smith,plastic,20.01.2022;17.02.2022;17.03.2022;13.04.2022;12.05.2022;10.06.2022;07.07.2022;04.08.2022;01.09.2022;29.09.2022;27.10.2022;24.11.2022;22.12.2022
H. Smith,bulk garbage,03.02.2022;07.04.2022;07.06.2022;11.08.2022;13.10.2022;08.12.2022
H. Smith,special waste,19.02.2022;17.09.2022
Hardawaystadt,residual waste,14.01.2022;28.01.2022;11.02.2022;25.02.2022;11.03.2022;25.03.2022;08.04.2022;23.04.2022;06.05.2022;20.05.2022;03.06.2022;18.06.2022;01.07.2022;15.07.2022;29.07.2022;12.08.2022;26.08.2022;09.09.2022;23.09.2022;08.10.2022;21.10.2022;05.11.2022;18.11.2022;02.12.2022;16.12.2022;31.12.2022
Hardawaystadt,organic,08.01.2022;21.01.2022;04.02.2022;18.02.2022;04.03.2022;18.03.2022;01.04.2022;14.04.2022;29.04.2022;13.05.2022;28.05.2022;11.06.2022;24.06.2022;08.07.2022;22.07.2022;05.08.2022;20.08.2022;02.09.2022;16.09.2022;30.09.2022;14.10.2022;28.10.2022;11.11.2022;25.11.2022;09.12.2022;23.12.2022
Hardawaystadt,paper,13.01.2022;10.02.2022;10.03.2022;07.04.2022;05.05.2022;02.06.2022;30.06.2022;28.07.2022;25.08.2022;22.09.2022;20.10.2022;17.11.2022;15.12.2022
Hardawaystadt,plastic,19.01.2022;16.02.2022;16.03.2022;12.04.2022;11.05.2022;09.06.2022;06.07.2022;03.08.2022;31.08.2022;28.09.2022;26.10.2022;23.11.2022;21.12.2022
Hardawaystadt,bulk garbage,03.02.2022;05.04.2022;07.06.2022;11.08.2022;13.10.2022;08.12.2022
Hardawaystadt,special waste,19.02.2022;02.07.2022;17.09.2022
Hardiemarkt,residual waste,12.01.2022;26.01.2022;09.02.2022;23.02.2022;09.03.2022;23.03.2022;06.04.2022;21.04.2022;04.05.2022;18.05.2022;01.06.2022;15.06.2022;29.06.2022;13.07.2022;27.07.2022;10.08.2022;24.08.2022;07.09.2022;21.09.2022;06.10.2022;19.10.2022;03.11.2022;16.11.2022;30.11.2022;14.12.2022;29.12.2022
Hardiemarkt,organic,05.01.2022;19.01.2022;02.02.2022;16.02.2022;02.03.2022;16.03.2022;30.03.2022;12.04.2022;27.04.2022;11.05.2022;25.05.2022;09.06.2022;22.06.2022;06.07.2022;20.07.2022;03.08.2022;18.08.2022;31.08.2022;14.09.2022;28.09.2022;12.10.2022;26.10.2022;09.11.2022;23.11.2022;07.12.2022;21.12.2022
Hardiemarkt,paper,03.01.2022;31.01.2022;28.02.2022;28.03.2022;25.04.2022;23.05.2022;20.06.2022;18.07.2022;16.08.2022;12.09.2022;10.10.2022;07.11.2022;05.12.2022
Hardiemarkt,plastic,11.01.2022;08.02.2022;08.03.2022;05.04.2022;03.05.2022;31.05.2022;28.06.2022;26.07.2022;23.08.2022;20.09.2022;18.10.2022;15.11.2022;13.12.2022
Hardiemarkt,bulk garbage,03.02.2022;07.04.2022;07.06.2022;11.08.2022;13.10.2022;08.12.2022
Hardiemarkt,special waste,09.04.2022;29.10.2022
Hollis,residual waste,05.01.2022;19.01.2022;02.02.2022;16.02.2022;02.03.2022;16.03.2022;30.03.2022;12.04.2022;27.04.2022;11.05.2022;25.05.2022;09.06.2022;22.06.2022;06.07.2022;20.07.2022;03.08.2022;18.08.2022;31.08.2022;14.09.2022;28.09.2022;12.10.2022;26.10.2022;09.11.2022;23.11.2022;07.12.2022;21.12.2022
Hollis,organic,12.01.2022;26.01.2022;09.02.2022;23.02.2022;09.03.2022;23.03.2022;06.04.2022;21.04.2022;04.05.2022;18.05.2022;01.06.2022;15.06.2022;29.06.2022;13.07.2022;27.07.2022;10.08.2022;24.08.2022;07.09.2022;21.09.2022;06.10.2022;19.10.2022;03.11.2022;16.11.2022;30.11.2022;14.12.2022;29.12.2022
Safronov,special waste,14.05.2022;19.11.2022
Hollis,paper,27.01.2022;24.02.2022;24.03.2022;22.04.2022;19.05.2022;17.06.2022;14.07.2022;11.08.2022;08.09.2022;07.10.2022;04.11.2022;01.12.2022;30.12.2022
Hollis,plastic,26.01.2022;23.02.2022;23.03.2022;21.04.2022;18.05.2022;15.06.2022;13.07.2022;10.08.2022;07.09.2022;06.10.2022;03.11.2022;30.11.2022;29.12.2022
Hollis,bulk garbage,03.02.2022;07.04.2022;07.06.2022;09.08.2022;13.10.2022;08.12.2022
Hollis,special waste,12.02.2022;10.09.2022
Kharefeld,residual waste,10.01.2022;24.01.2022;07.02.2022;21.02.2022;07.03.2022;21.03.2022;04.04.2022;19.04.2022;02.05.2022;16.05.2022;30.05.2022;13.06.2022;27.06.2022;11.07.2022;25.07.2022;08.08.2022;22.08.2022;05.09.2022;19.09.2022;04.10.2022;17.10.2022;31.10.2022;14.11.2022;28.11.2022;12.12.2022;27.12.2022
Kharefeld,organic,03.01.2022;17.01.2022;31.01.2022;14.02.2022;28.02.2022;14.03.2022;28.03.2022;09.04.2022;25.04.2022;09.05.2022;23.05.2022;07.06.2022;20.06.2022;04.07.2022;18.07.2022;01.08.2022;16.08.2022;29.08.2022;12.09.2022;26.09.2022;10.10.2022;24.10.2022;07.11.2022;21.11.2022;05.12.2022;19.12.2022
Kharefeld,paper,03.01.2022;31.01.2022;28.02.2022;28.03.2022;25.04.2022;23.05.2022;20.06.2022;18.07.2022;16.08.2022;12.09.2022;10.10.2022;07.11.2022;05.12.2022
Kharefeld,plastic,12.01.2022;09.02.2022;09.03.2022;06.04.2022;04.05.2022;01.06.2022;29.06.2022;27.07.2022;24.08.2022;21.09.2022;19.10.2022;16.11.2022;14.12.2022
Kharefeld,bulk garbage,03.02.2022;07.04.2022;09.06.2022;11.08.2022;13.10.2022;08.12.2022
Kharefeld,special waste,26.03.2022;24.09.2022
Kiladze,residual waste,13.01.2022;27.01.2022;10.02.2022;24.02.2022;10.03.2022;24.03.2022;07.04.2022;22.04.2022;05.05.2022;19.05.2022;02.06.2022;17.06.2022;30.06.2022;14.07.2022;28.07.2022;11.08.2022;25.08.2022;08.09.2022;22.09.2022;07.10.2022;20.10.2022;04.11.2022;17.11.2022;01.12.2022;15.12.2022;30.12.2022
Kiladze,organic,07.01.2022;20.01.2022;03.02.2022;17.02.2022;03.03.2022;17.03.2022;31.03.2022;13.04.2022;28.04.2022;12.05.2022;27.05.2022;10.06.2022;23.06.2022;07.07.2022;21.07.2022;04.08.2022;19.08.2022;01.09.2022;15.09.2022;29.09.2022;13.10.2022;27.10.2022;10.11.2022;24.11.2022;08.12.2022;22.12.2022
Kiladze,paper,21.01.2022;18.02.2022;18.03.2022;14.04.2022;13.05.2022;11.06.2022;08.07.2022;05.08.2022;02.09.2022;30.09.2022;28.10.2022;25.11.2022;23.12.2022
Kiladze,plastic,26.01.2022;23.02.2022;23.03.2022;21.04.2022;18.05.2022;15.06.2022;13.07.2022;10.08.2022;07.09.2022;06.10.2022;03.11.2022;30.11.2022;29.12.2022
Kiladze,bulk garbage,01.02.2022;05.04.2022;09.06.2022;09.08.2022;11.10.2022;06.12.2022
Kiladze,special waste,14.05.2022;19.11.2022
Kowalberg,residual waste,07.01.2022;20.01.2022;03.02.2022;17.02.2022;03.03.2022;17.03.2022;31.03.2022;13.04.2022;28.04.2022;12.05.2022;27.05.2022;10.06.2022;23.06.2022;07.07.2022;21.07.2022;04.08.2022;19.08.2022;01.09.2022;15.09.2022;29.09.2022;13.10.2022;27.10.2022;10.11.2022;24.11.2022;08.12.2022;22.12.2022
Kowalberg,organic,13.01.2022;27.01.2022;10.02.2022;24.02.2022;10.03.2022;24.03.2022;07.04.2022;22.04.2022;05.05.2022;19.05.2022;02.06.2022;17.06.2022;30.06.2022;14.07.2022;28.07.2022;11.08.2022;25.08.2022;08.09.2022;22.09.2022;07.10.2022;20.10.2022;04.11.2022;17.11.2022;01.12.2022;15.12.2022;30.12.2022
Kowalberg,paper,07.01.2022;03.02.2022;03.03.2022;31.03.2022;28.04.2022;27.05.2022;23.06.2022;21.07.2022;19.08.2022;15.09.2022;13.10.2022;10.11.2022;08.12.2022
Kowalberg,plastic,04.01.2022;01.02.2022;01.03.2022;29.03.2022;26.04.2022;24.05.2022;21.06.2022;19.07.2022;17.08.2022;13.09.2022;11.10.2022;08.11.2022;06.12.2022
Kowalberg,bulk garbage,02.02.2022;05.04.2022;09.06.2022;09.08.2022;12.10.2022;07.12.2022
Kowalberg,special waste,30.04.2022;12.11.2022
Oortstadt,residual waste,11.01.2022;25.01.2022;08.02.2022;22.02.2022;08.03.2022;22.03.2022;05.04.2022;20.04.2022;03.05.2022;17.05.2022;31.05.2022;14.06.2022;28.06.2022;12.07.2022;26.07.2022;09.08.2022;23.08.2022;06.09.2022;20.09.2022;05.10.2022;18.10.2022;02.11.2022;15.11.2022;29.11.2022;13.12.2022;28.12.2022
Oortstadt,organic,04.01.2022;18.01.2022;01.02.2022;15.02.2022;01.03.2022;15.03.2022;29.03.2022;11.04.2022;26.04.2022;10.05.2022;24.05.2022;08.06.2022;21.06.2022;05.07.2022;19.07.2022;02.08.2022;17.08.2022;30.08.2022;13.09.2022;27.09.2022;11.10.2022;25.10.2022;08.11.2022;22.11.2022;06.12.2022;20.12.2022
Oortstadt,paper,25.01.2022;22.02.2022;22.03.2022;20.04.2022;17.05.2022;14.06.2022;12.07.2022;09.08.2022;06.09.2022;05.10.2022;02.11.2022;29.11.2022;28.12.2022
Oortstadt,plastic,12.01.2022;09.02.2022;09.03.2022;06.04.2022;04.05.2022;01.06.2022;29.06.2022;27.07.2022;24.08.2022;21.09.2022;19.10.2022;16.11.2022;14.12.2022
Oortstadt,bulk garbage,03.02.2022;07.04.2022;09.06.2022;11.08.2022;13.10.2022;08.12.2022
Oortstadt,special waste,19.02.2022;09.04.2022;17.09.2022;29.10.2022
Pulfrichdorf,residual waste,11.01.2022;25.01.2022;08.02.2022;22.02.2022;08.03.2022;22.03.2022;05.04.2022;20.04.2022;03.05.2022;17.05.2022;31.05.2022;14.06.2022;28.06.2022;12.07.2022;26.07.2022;09.08.2022;23.08.2022;06.09.2022;20.09.2022;05.10.2022;18.10.2022;02.11.2022;15.11.2022;29.11.2022;13.12.2022;28.12.2022
Pulfrichdorf,organic,04.01.2022;18.01.2022;01.02.2022;15.02.2022;01.03.2022;15.03.2022;29.03.2022;11.04.2022;26.04.2022;10.05.2022;24.05.2022;08.06.2022;21.06.2022;05.07.2022;19.07.2022;02.08.2022;17.08.2022;30.08.2022;13.09.2022;27.09.2022;11.10.2022;25.10.2022;08.11.2022;22.11.2022;06.12.2022;20.12.2022
Pulfrichdorf,paper,20.01.2022;17.02.2022;17.03.2022;13.04.2022;12.05.2022;10.06.2022;07.07.2022;04.08.2022;01.09.2022;29.09.2022;27.10.2022;24.11.2022;22.12.2022
Pulfrichdorf,plastic,07.01.2022;03.02.2022;03.03.2022;31.03.2022;28.04.2022;27.05.2022;23.06.2022;21.07.2022;19.08.2022;15.09.2022;13.10.2022;10.11.2022;08.12.2022
Pulfrichdorf,bulk garbage,02.02.2022;07.04.2022;09.06.2022;11.08.2022;12.10.2022;07.12.2022
Pulfrichdorf,special waste,26.03.2022;02.07.2022;24.09.2022
Safronov,residual waste,13.01.2022;27.01.2022;10.02.2022;24.02.2022;10.03.2022;24.03.2022;07.04.2022;22.04.2022;05.05.2022;19.05.2022;02.06.2022;17.06.2022;30.06.2022;14.07.2022;28.07.2022;11.08.2022;25.08.2022;08.09.2022;22.09.2022;07.10.2022;20.10.2022;04.11.2022;17.11.2022;01.12.2022;15.12.2022;30.12.2022
Safronov,organic,07.01.2022;20.01.2022;03.02.2022;17.02.2022;03.03.2022;17.03.2022;31.03.2022;13.04.2022;28.04.2022;12.05.2022;27.05.2022;10.06.2022;23.06.2022;07.07.2022;21.07.2022;04.08.2022;19.08.2022;01.09.2022;15.09.2022;29.09.2022;13.10.2022;27.10.2022;10.11.2022;24.11.2022;08.12.2022;22.12.2022
Safronov,paper,04.01.2022;01.02.2022;01.03.2022;29.03.2022;26.04.2022;24.05.2022;21.06.2022;19.07.2022;17.08.2022;13.09.2022;11.10.2022;08.11.2022;06.12.2022
Safronov,plastic,20.01.2022;17.02.2022;17.03.2022;14.04.2022;12.05.2022;10.06.2022;07.07.2022;04.08.2022;01.09.2022;29.09.2022;27.10.2022;24.11.2022;22.12.2022
Simonelli,residual waste,07.01.2022;20.01.2022;03.02.2022;17.02.2022;03.03.2022;17.03.2022;31.03.2022;13.04.2022;28.04.2022;12.05.2022;27.05.2022;10.06.2022;23.06.2022;07.07.2022;21.07.2022;04.08.2022;19.08.2022;01.09.2022;15.09.2022;29.09.2022;13.10.2022;27.10.2022;10.11.2022;24.11.2022;08.12.2022;22.12.2022
Simonelli,organic,13.01.2022;27.01.2022;10.02.2022;24.02.2022;10.03.2022;24.03.2022;07.04.2022;22.04.2022;05.05.2022;19.05.2022;02.06.2022;17.06.2022;30.06.2022;14.07.2022;28.07.2022;11.08.2022;25.08.2022;08.09.2022;22.09.2022;07.10.2022;20.10.2022;04.11.2022;17.11.2022;01.12.2022;15.12.2022;30.12.2022
Simonelli,paper,10.01.2022;07.02.2022;07.03.2022;04.04.2022;02.05.2022;30.05.2022;27.06.2022;25.07.2022;22.08.2022;19.09.2022;17.10.2022;14.11.2022;12.12.2022
Simonelli,plastic,10.01.2022;07.02.2022;07.03.2022;04.04.2022;02.05.2022;30.05.2022;27.06.2022;25.07.2022;22.08.2022;19.09.2022;17.10.2022;14.11.2022;12.12.2022
Simonelli,bulk garbage,01.02.2022;05.04.2022;09.06.2022;09.08.2022;11.10.2022;06.12.2022
Simonelli,special waste,21.05.2022;26.11.2022
Zagar,residual waste,04.01.2022;18.01.2022;01.02.2022;15.02.2022;01.03.2022;15.03.2022;29.03.2022;11.04.2022;26.04.2022;10.05.2022;24.05.2022;08.06.2022;21.06.2022;05.07.2022;19.07.2022;02.08.2022;17.08.2022;30.08.2022;13.09.2022;27.09.2022;11.10.2022;25.10.2022;08.11.2022;22.11.2022;06.12.2022;20.12.2022
Zagar,organic,11.01.2022;25.01.2022;08.02.2022;22.02.2022;08.03.2022;22.03.2022;05.04.2022;20.04.2022;03.05.2022;17.05.2022;31.05.2022;14.06.2022;28.06.2022;12.07.2022;26.07.2022;09.08.2022;23.08.2022;06.09.2022;20.09.2022;05.10.2022;18.10.2022;02.11.2022;15.11.2022;29.11.2022;13.12.2022;28.12.2022
Zagar,paper,24.01.2022;21.02.2022;21.03.2022;19.04.2022;16.05.2022;13.06.2022;11.07.2022;08.08.2022;05.09.2022;04.10.2022;31.10.2022;28.11.2022;27.12.2022
Zagar,plastic,10.01.2022;07.02.2022;07.03.2022;04.04.2022;02.05.2022;30.05.2022;27.06.2022;25.07.2022;22.08.2022;19.09.2022;17.10.2022;14.11.2022;12.12.2022
Zagar,bulk garbage,03.02.2022;07.04.2022;09.06.2022;11.08.2022;13.10.2022;08.12.2022
Zagar,special waste,21.05.2022;26.11.2022
Alicestadt,residual waste,07.01.2022;20.01.2022;03.02.2022;17.02.2022;03.03.2022;17.03.2022;31.03.2022;13.04.2022;28.04.2022;12.05.2022;27.05.2022;10.06.2022;23.06.2022;07.07.2022;21.07.2022;04.08.2022;19.08.2022;01.09.2022;15.09.2022;29.09.2022;13.10.2022;27.10.2022;10.11.2022;24.11.2022;08.12.2022;22.12.2022
Alicestadt,organic,13.01.2022;27.01.2022;10.02.2022;24.02.2022;10.03.2022;24.03.2022;07.04.2022;22.04.2022;05.05.2022;19.05.2022;02.06.2022;17.06.2022;30.06.2022;14.07.2022;28.07.2022;11.08.2022;25.08.2022;08.09.2022;22.09.2022;07.10.2022;20.10.2022;04.11.2022;17.11.2022;01.12.2022;15.12.2022;30.12.2022
Alicestadt,paper,07.01.2022;03.02.2022;03.03.2022;31.03.2022;28.04.2022;27.05.2022;23.06.2022;21.07.2022;19.08.2022;15.09.2022;13.10.2022;10.11.2022;08.12.2022
Alicestadt,plastic,04.01.2022;01.02.2022;01.03.2022;29.03.2022;26.04.2022;24.05.2022;21.06.2022;19.07.2022;17.08.2022;13.09.2022;11.10.2022;08.11.2022;06.12.2022
Alicestadt,bulk garbage,02.02.2022;05.04.2022;09.06.2022;09.08.2022;12.10.2022;07.12.2022
Alicestadt,special waste,02.04.2022;22.10.2022
Coradorf,residual waste,05.01.2022;19.01.2022;02.02.2022;16.02.2022;02.03.2022;16.03.2022;30.03.2022;12.04.2022;27.04.2022;11.05.2022;25.05.2022;09.06.2022;22.06.2022;06.07.2022;20.07.2022;03.08.2022;18.08.2022;31.08.2022;14.09.2022;28.09.2022;12.10.2022;26.10.2022;09.11.2022;23.11.2022;07.12.2022;21.12.2022
Coradorf,organic,12.01.2022;26.01.2022;09.02.2022;23.02.2022;09.03.2022;23.03.2022;06.04.2022;21.04.2022;04.05.2022;18.05.2022;01.06.2022;15.06.2022;29.06.2022;13.07.2022;27.07.2022;10.08.2022;24.08.2022;07.09.2022;21.09.2022;06.10.2022;19.10.2022;03.11.2022;16.11.2022;30.11.2022;14.12.2022;29.12.2022
Coradorf,paper,18.01.2022;15.02.2022;15.03.2022;11.04.2022;10.05.2022;08.06.2022;05.07.2022;02.08.2022;30.08.2022;27.09.2022;25.10.2022;22.11.2022;20.12.2022
Coradorf,plastic,27.01.2022;24.02.2022;24.03.2022;22.04.2022;19.05.2022;17.06.2022;14.07.2022;11.08.2022;08.09.2022;07.10.2022;04.11.2022;01.12.2022;30.12.2022
Coradorf,bulk garbage,03.02.2022;07.04.2022;07.06.2022;09.08.2022;13.10.2022;08.12.2022
Coradorf,special waste,12.02.2022;10.09.2022
Dorothy,residual waste,13.01.2022;27.01.2022;10.02.2022;24.02.2022;10.03.2022;24.03.2022;07.04.2022;22.04.2022;05.05.2022;19.05.2022;02.06.2022;17.06.2022;30.06.2022;14.07.2022;28.07.2022;11.08.2022;25.08.2022;08.09.2022;22.09.2022;07.10.2022;20.10.2022;04.11.2022;17.11.2022;01.12.2022;15.12.2022;30.12.2022
Dorothy,organic,07.01.2022;20.01.2022;03.02.2022;17.02.2022;03.03.2022;17.03.2022;31.03.2022;13.04.2022;28.04.2022;12.05.2022;27.05.2022;10.06.2022;23.06.2022;07.07.2022;21.07.2022;04.08.2022;19.08.2022;01.09.2022;15.09.2022;29.09.2022;13.10.2022;27.10.2022;10.11.2022;24.11.2022;08.12.2022;22.12.2022
Dorothy,paper,18.01.2022;15.02.2022;15.03.2022;11.04.2022;10.05.2022;08.06.2022;05.07.2022;02.08.2022;30.08.2022;27.09.2022;25.10.2022;22.11.2022;20.12.2022
Dorothy,plastic,27.01.2022;24.02.2022;24.03.2022;22.04.2022;19.05.2022;17.06.2022;14.07.2022;11.08.2022;08.09.2022;07.10.2022;04.11.2022;01.12.2022;30.12.2022
Dorothy,bulk garbage,01.02.2022;05.04.2022;09.06.2022;09.08.2022;11.10.2022;06.12.2022
Dorothy,special waste,14.05.2022;19.11.2022
Kaguya-Hime,residual waste,10.01.2022;24.01.2022;07.02.2022;21.02.2022;07.03.2022;21.03.2022;04.04.2022;19.04.2022;02.05.2022;16.05.2022;30.05.2022;13.06.2022;27.06.2022;11.07.2022;25.07.2022;08.08.2022;22.08.2022;05.09.2022;19.09.2022;04.10.2022;17.10.2022;31.10.2022;14.11.2022;28.11.2022;12.12.2022;27.12.2022
Kaguya-Hime,organic,03.01.2022;17.01.2022;31.01.2022;14.02.2022;28.02.2022;14.03.2022;28.03.2022;09.04.2022;25.04.2022;09.05.2022;23.05.2022;07.06.2022;20.06.2022;04.07.2022;18.07.2022;01.08.2022;16.08.2022;29.08.2022;12.09.2022;26.09.2022;10.10.2022;24.10.2022;07.11.2022;21.11.2022;05.12.2022;19.12.2022
Kaguya-Hime,paper,19.01.2022;16.02.2022;16.03.2022;12.04.2022;11.05.2022;09.06.2022;06.07.2022;03.08.2022;31.08.2022;28.09.2022;26.10.2022;23.11.2022;21.12.2022
Kaguya-Hime,plastic,13.01.2022;10.02.2022;10.03.2022;07.04.2022;05.05.2022;02.06.2022;30.06.2022;28.07.2022;25.08.2022;22.09.2022;20.10.2022;17.11.2022;15.12.2022
Kaguya-Hime,bulk garbage,03.02.2022;05.04.2022;08.06.2022;11.08.2022;13.10.2022;08.12.2022
Kaguya-Hime,special waste,12.02.2022;02.07.2022;10.09.2022
Organabrunn,residual waste,03.01.2022;17.01.2022;31.01.2022;14.02.2022;28.02.2022;14.03.2022;28.03.2022;09.04.2022;25.04.2022;09.05.2022;23.05.2022;07.06.2022;20.06.2022;04.07.2022;18.07.2022;01.08.2022;16.08.2022;29.08.2022;12.09.2022;26.09.2022;10.10.2022;24.10.2022;07.11.2022;21.11.2022;05.12.2022;19.12.2022
Organabrunn,organic,10.01.2022;24.01.2022;07.02.2022;21.02.2022;07.03.2022;21.03.2022;04.04.2022;19.04.2022;02.05.2022;16.05.2022;30.05.2022;13.06.2022;27.06.2022;11.07.2022;25.07.2022;08.08.2022;22.08.2022;05.09.2022;19.09.2022;04.10.2022;17.10.2022;31.10.2022;14.11.2022;28.11.2022;12.12.2022;27.12.2022
Organabrunn,paper,07.01.2022;03.02.2022;03.03.2022;31.03.2022;28.04.2022;27.05.2022;23.06.2022;21.07.2022;19.08.2022;15.09.2022;13.10.2022;10.11.2022;08.12.2022
Organabrunn,plastic,25.01.2022;22.02.2022;22.03.2022;20.04.2022;17.05.2022;14.06.2022;12.07.2022;09.08.2022;06.09.2022;05.10.2022;02.11.2022;29.11.2022;28.12.2022
Organabrunn,bulk garbage,01.02.2022;07.04.2022;09.06.2022;11.08.2022;11.10.2022;06.12.2022
Organabrunn,special waste,30.04.2022;12.11.2022
Nasreddinhofen,residual waste,10.01.2022;24.01.2022;07.02.2022;21.02.2022;07.03.2022;21.03.2022;04.04.2022;19.04.2022;02.05.2022;16.05.2022;30.05.2022;13.06.2022;27.06.2022;11.07.2022;25.07.2022;08.08.2022;22.08.2022;05.09.2022;19.09.2022;04.10.2022;17.10.2022;31.10.2022;14.11.2022;28.11.2022;12.12.2022;27.12.2022
Nasreddinhofen,organic,03.01.2022;17.01.2022;31.01.2022;14.02.2022;28.02.2022;14.03.2022;28.03.2022;09.04.2022;25.04.2022;09.05.2022;23.05.2022;07.06.2022;20.06.2022;04.07.2022;18.07.2022;01.08.2022;16.08.2022;29.08.2022;12.09.2022;26.09.2022;10.10.2022;24.10.2022;07.11.2022;21.11.2022;05.12.2022;19.12.2022
Nasreddinhofen,paper,25.01.2022;22.02.2022;22.03.2022;20.04.2022;17.05.2022;14.06.2022;12.07.2022;09.08.2022;06.09.2022;05.10.2022;02.11.2022;29.11.2022;28.12.2022
Nasreddinhofen,plastic,12.01.2022;09.02.2022;09.03.2022;06.04.2022;04.05.2022;01.06.2022;29.06.2022;27.07.2022;24.08.2022;21.09.2022;19.10.2022;16.11.2022;14.12.2022
Nasreddinhofen,bulk garbage,03.02.2022;07.04.2022;09.06.2022;11.08.2022;13.10.2022;08.12.2022
Nasreddinhofen,special waste,26.03.2022;24.09.2022
Nemostadt,residual waste,07.01.2022;20.01.2022;03.02.2022;17.02.2022;03.03.2022;17.03.2022;31.03.2022;13.04.2022;28.04.2022;12.05.2022;27.05.2022;10.06.2022;23.06.2022;07.07.2022;21.07.2022;04.08.2022;19.08.2022;01.09.2022;15.09.2022;29.09.2022;13.10.2022;27.10.2022;10.11.2022;24.11.2022;08.12.2022;22.12.2022
Nemostadt,organic,13.01.2022;27.01.2022;10.02.2022;24.02.2022;10.03.2022;24.03.2022;07.04.2022;22.04.2022;05.05.2022;19.05.2022;02.06.2022;17.06.2022;30.06.2022;14.07.2022;28.07.2022;11.08.2022;25.08.2022;08.09.2022;22.09.2022;07.10.2022;20.10.2022;04.11.2022;17.11.2022;01.12.2022;15.12.2022;30.12.2022
Nemostadt,paper,05.01.2022;02.02.2022;02.03.2022;30.03.2022;27.04.2022;25.05.2022;22.06.2022;20.07.2022;18.08.2022;14.09.2022;12.10.2022;09.11.2022;07.12.2022
Nemostadt,plastic,04.01.2022;01.02.2022;01.03.2022;29.03.2022;26.04.2022;24.05.2022;21.06.2022;19.07.2022;17.08.2022;13.09.2022;11.10.2022;08.11.2022;06.12.2022
Nemostadt,bulk garbage,04.02.2022;05.04.2022;09.06.2022;09.08.2022;06.10.2022;05.12.2022
Nemostadt,special waste,02.04.2022;09.07.2022;22.10.2022
Pirxdorf,residual waste,12.01.2022;26.01.2022;09.02.2022;23.02.2022;09.03.2022;23.03.2022;06.04.2022;21.04.2022;04.05.2022;18.05.2022;01.06.2022;15.06.2022;29.06.2022;13.07.2022;27.07.2022;10.08.2022;24.08.2022;07.09.2022;21.09.2022;06.10.2022;19.10.2022;03.11.2022;16.11.2022;30.11.2022;14.12.2022;29.12.2022
Pirxdorf,organic,05.01.2022;19.01.2022;02.02.2022;16.02.2022;02.03.2022;16.03.2022;30.03.2022;12.04.2022;27.04.2022;11.05.2022;25.05.2022;09.06.2022;22.06.2022;06.07.2022;20.07.2022;03.08.2022;18.08.2022;31.08.2022;14.09.2022;28.09.2022;12.10.2022;26.10.2022;09.11.2022;23.11.2022;07.12.2022;21.12.2022
Pirxdorf,paper,17.01.2022;14.02.2022;14.03.2022;09.04.2022;09.05.2022;07.06.2022;04.07.2022;01.08.2022;29.08.2022;26.09.2022;24.10.2022;21.11.2022;19.12.2022
Pirxdorf,plastic,18.01.2022;15.02.2022;15.03.2022;11.04.2022;10.05.2022;08.06.2022;05.07.2022;02.08.2022;30.08.2022;27.09.2022;25.10.2022;22.11.2022;20.12.2022
Pirxdorf,bulk garbage,03.02.2022;07.04.2022;02.06.2022;11.08.2022;13.10.2022;08.12.2022
Pirxdorf,special waste,19.02.2022;17.09.2022
Revati,residual waste,03.01.2022;17.01.2022;31.01.2022;14.02.2022;28.02.2022;14.03.2022;28.03.2022;09.04.2022;25.04.2022;09.05.2022;23.05.2022;07.06.2022;20.06.2022;04.07.2022;18.07.2022;01.08.2022;16.08.2022;29.08.2022;12.09.2022;26.09.2022;10.10.2022;24.10.2022;07.11.2022;21.11.2022;05.12.2022;19.12.2022
Revati,organic,10.01.2022;24.01.2022;07.02.2022;21.02.2022;07.03.2022;21.03.2022;04.04.2022;19.04.2022;02.05.2022;16.05.2022;30.05.2022;13.06.2022;27.06.2022;11.07.2022;25.07.2022;08.08.2022;22.08.2022;05.09.2022;19.09.2022;04.10.2022;17.10.2022;31.10.2022;14.11.2022;28.11.2022;12.12.2022;27.12.2022
Revati,paper,11.01.2022;08.02.2022;08.03.2022;05.04.2022;03.05.2022;31.05.2022;28.06.2022;26.07.2022;23.08.2022;20.09.2022;18.10.2022;15.11.2022;13.12.2022
Revati,plastic,21.01.2022;18.02.2022;18.03.2022;14.04.2022;13.05.2022;11.06.2022;08.07.2022;05.08.2022;02.09.2022;30.09.2022;28.10.2022;25.11.2022;23.12.2022
Revati,bulk garbage,03.02.2022;07.04.2022;09.06.2022;11.08.2022;13.10.2022;08.12.2022
Revati,special waste,02.04.2022;22.10.2022
Ripley,residual waste,07.01.2022;20.01.2022;03.02.2022;17.02.2022;03.03.2022;17.03.2022;31.03.2022;13.04.2022;28.04.2022;12.05.2022;27.05.2022;10.06.2022;23.06.2022;07.07.2022;21.07.2022;04.08.2022;19.08.2022;01.09.2022;15.09.2022;29.09.2022;13.10.2022;27.10.2022;10.11.2022;24.11.2022;08.12.2022;22.12.2022
Ripley,organic,13.01.2022;27.01.2022;10.02.2022;24.02.2022;10.03.2022;24.03.2022;07.04.2022;22.04.2022;05.05.2022;19.05.2022;02.06.2022;17.06.2022;30.06.2022;14.07.2022;28.07.2022;11.08.2022;25.08.2022;08.09.2022;22.09.2022;07.10.2022;20.10.2022;04.11.2022;17.11.2022;01.12.2022;15.12.2022;30.12.2022
Ripley,paper,07.01.2022;03.02.2022;03.03.2022;31.03.2022;28.04.2022;27.05.2022;23.06.2022;21.07.2022;19.08.2022;15.09.2022;13.10.2022;10.11.2022;08.12.2022
Ripley,plastic,05.01.2022;02.02.2022;02.03.2022;30.03.2022;27.04.2022;25.05.2022;22.06.2022;20.07.2022;18.08.2022;14.09.2022;12.10.2022;09.11.2022;07.12.2022
Ripley,bulk garbage,01.02.2022;05.04.2022;09.06.2022;09.08.2022;11.10.2022;06.12.2022
Ripley,special waste,02.04.2022;22.10.2022
Sadkodorf,residual waste,10.01.2022;24.01.2022;07.02.2022;21.02.2022;07.03.2022;21.03.2022;04.04.2022;19.04.2022;02.05.2022;16.05.2022;30.05.2022;13.06.2022;27.06.2022;11.07.2022;25.07.2022;08.08.2022;22.08.2022;05.09.2022;19.09.2022;04.10.2022;17.10.2022;31.10.2022;14.11.2022;28.11.2022;12.12.2022;27.12.2022
Sadkodorf,organic,03.01.2022;17.01.2022;31.01.2022;14.02.2022;28.02.2022;14.03.2022;28.03.2022;09.04.2022;25.04.2022;09.05.2022;23.05.2022;07.06.2022;20.06.2022;04.07.2022;18.07.2022;01.08.2022;16.08.2022;29.08.2022;12.09.2022;26.09.2022;10.10.2022;24.10.2022;07.11.2022;21.11.2022;05.12.2022;19.12.2022
Sadkodorf,paper,19.01.2022;16.02.2022;16.03.2022;12.04.2022;11.05.2022;09.06.2022;06.07.2022;03.08.2022;31.08.2022;28.09.2022;26.10.2022;23.11.2022;21.12.2022
Sadkodorf,plastic,13.01.2022;10.02.2022;10.03.2022;07.04.2022;05.05.2022;02.06.2022;30.06.2022;28.07.2022;25.08.2022;22.09.2022;20.10.2022;17.11.2022;15.12.2022
Sadkodorf,bulk garbage,03.02.2022;05.04.2022;08.06.2022;11.08.2022;13.10.2022;08.12.2022
Sadkodorf,special waste,26.03.2022;24.09.2022
Skywalkerstadt,residual waste,10.01.2022;24.01.2022;07.02.2022;21.02.2022;07.03.2022;21.03.2022;04.04.2022;19.04.2022;02.05.2022;16.05.2022;30.05.2022;13.06.2022;27.06.2022;11.07.2022;25.07.2022;08.08.2022;22.08.2022;05.09.2022;19.09.2022;04.10.2022;17.10.2022;31.10.2022;14.11.2022;28.11.2022;12.12.2022;27.12.2022
Skywalkerstadt,organic,03.01.2022;17.01.2022;31.01.2022;14.02.2022;28.02.2022;14.03.2022;28.03.2022;09.04.2022;25.04.2022;09.05.2022;23.05.2022;07.06.2022;20.06.2022;04.07.2022;18.07.2022;01.08.2022;16.08.2022;29.08.2022;12.09.2022;26.09.2022;10.10.2022;24.10.2022;07.11.2022;21.11.2022;05.12.2022;19.12.2022
Skywalkerstadt,paper,21.01.2022;18.02.2022;18.03.2022;14.04.2022;13.05.2022;11.06.2022;08.07.2022;05.08.2022;02.09.2022;30.09.2022;28.10.2022;25.11.2022;23.12.2022
Skywalkerstadt,plastic,08.01.2022;04.02.2022;04.03.2022;01.04.2022;29.04.2022;28.05.2022;24.06.2022;22.07.2022;20.08.2022;16.09.2022;14.10.2022;11.11.2022;09.12.2022
Skywalkerstadt,bulk garbage,03.02.2022;07.04.2022;09.06.2022;11.08.2022;13.10.2022;08.12.2022
Skywalkerstadt,special waste,12.02.2022;10.09.2022
Drakestadt - Alvindorf,residual waste,03.01.2022;17.01.2022;31.01.2022;14.02.2022;28.02.2022;14.03.2022;28.03.2022;09.04.2022;25.04.2022;09.05.2022;23.05.2022;07.06.2022;20.06.2022;04.07.2022;18.07.2022;01.08.2022;16.08.2022;29.08.2022;12.09.2022;26.09.2022;10.10.2022;24.10.2022;07.11.2022;21.11.2022;05.12.2022;19.12.2022
Drakestadt - Alvindorf,organic,10.01.2022;24.01.2022;07.02.2022;21.02.2022;07.03.2022;21.03.2022;04.04.2022;19.04.2022;02.05.2022;16.05.2022;30.05.2022;13.06.2022;27.06.2022;11.07.2022;25.07.2022;08.08.2022;22.08.2022;05.09.2022;19.09.2022;04.10.2022;17.10.2022;31.10.2022;14.11.2022;28.11.2022;12.12.2022;27.12.2022
Drakestadt - Alvindorf,paper,12.01.2022;09.02.2022;09.03.2022;06.04.2022;04.05.2022;01.06.2022;29.06.2022;27.07.2022;24.08.2022;21.09.2022;19.10.2022;16.11.2022;14.12.2022
Drakestadt - Alvindorf,plastic,24.01.2022;21.02.2022;21.03.2022;19.04.2022;16.05.2022;13.06.2022;11.07.2022;08.08.2022;05.09.2022;04.10.2022;31.10.2022;28.11.2022;27.12.2022
Drakestadt - Alvindorf,bulk garbage,03.02.2022;07.04.2022;09.06.2022;11.08.2022;13.10.2022;08.12.2022
Drakestadt - Alvindorf,special waste,30.04.2022;09.07.2022;12.11.2022
Drakestadt - Achardorf,residual waste,03.01.2022;17.01.2022;31.01.2022;14.02.2022;28.02.2022;14.03.2022;28.03.2022;09.04.2022;25.04.2022;09.05.2022;23.05.2022;07.06.2022;20.06.2022;04.07.2022;18.07.2022;01.08.2022;16.08.2022;29.08.2022;12.09.2022;26.09.2022;10.10.2022;24.10.2022;07.11.2022;21.11.2022;05.12.2022;19.12.2022
Drakestadt - Achardorf,organic,10.01.2022;24.01.2022;07.02.2022;21.02.2022;07.03.2022;21.03.2022;04.04.2022;19.04.2022;02.05.2022;16.05.2022;30.05.2022;13.06.2022;27.06.2022;11.07.2022;25.07.2022;08.08.2022;22.08.2022;05.09.2022;19.09.2022;04.10.2022;17.10.2022;31.10.2022;14.11.2022;28.11.2022;12.12.2022;27.12.2022
Drakestadt - Achardorf,paper,12.01.2022;09.02.2022;09.03.2022;06.04.2022;04.05.2022;01.06.2022;29.06.2022;27.07.2022;24.08.2022;21.09.2022;19.10.2022;16.11.2022;14.12.2022
Drakestadt - Achardorf,plastic,24.01.2022;21.02.2022;21.03.2022;19.04.2022;16.05.2022;13.06.2022;11.07.2022;08.08.2022;05.09.2022;04.10.2022;31.10.2022;28.11.2022;27.12.2022
Drakestadt - Achardorf,bulk garbage,03.02.2022;07.04.2022;09.06.2022;11.08.2022;13.10.2022;08.12.2022
Drakestadt - Achardorf,special waste,30.04.2022;09.07.2022;12.11.2022
Drakestadt - Aktajdorf,residual waste,03.01.2022;17.01.2022;31.01.2022;14.02.2022;28.02.2022;14.03.2022;28.03.2022;09.04.2022;25.04.2022;09.05.2022;23.05.2022;07.06.2022;20.06.2022;04.07.2022;18.07.2022;01.08.2022;16.08.2022;29.08.2022;12.09.2022;26.09.2022;10.10.2022;24.10.2022;07.11.2022;21.11.2022;05.12.2022;19.12.2022
Drakestadt - Aktajdorf,organic,10.01.2022;24.01.2022;07.02.2022;21.02.2022;07.03.2022;21.03.2022;04.04.2022;19.04.2022;02.05.2022;16.05.2022;30.05.2022;13.06.2022;27.06.2022;11.07.2022;25.07.2022;08.08.2022;22.08.2022;05.09.2022;19.09.2022;04.10.2022;17.10.2022;31.10.2022;14.11.2022;28.11.2022;12.12.2022;27.12.2022
Drakestadt - Aktajdorf,paper,12.01.2022;09.02.2022;09.03.2022;06.04.2022;04.05.2022;01.06.2022;29.06.2022;27.07.2022;24.08.2022;21.09.2022;19.10.2022;16.11.2022;14.12.2022
Drakestadt - Aktajdorf,plastic,24.01.2022;21.02.2022;21.03.2022;19.04.2022;16.05.2022;13.06.2022;11.07.2022;08.08.2022;05.09.2022;04.10.2022;31.10.2022;28.11.2022;27.12.2022
Drakestadt - Aktajdorf,bulk garbage,03.02.2022;07.04.2022;09.06.2022;11.08.2022;13.10.2022;08.12.2022
Drakestadt - Aktajdorf,special waste,30.04.2022;09.07.2022;12.11.2022
Drakestadt - Abandorf,residual waste,03.01.2022;17.01.2022;31.01.2022;14.02.2022;28.02.2022;14.03.2022;28.03.2022;09.04.2022;25.04.2022;09.05.2022;23.05.2022;07.06.2022;20.06.2022;04.07.2022;18.07.2022;01.08.2022;16.08.2022;29.08.2022;12.09.2022;26.09.2022;10.10.2022;24.10.2022;07.11.2022;21.11.2022;05.12.2022;19.12.2022
Drakestadt - Abandorf,organic,10.01.2022;24.01.2022;07.02.2022;21.02.2022;07.03.2022;21.03.2022;04.04.2022;19.04.2022;02.05.2022;16.05.2022;30.05.2022;13.06.2022;27.06.2022;11.07.2022;25.07.2022;08.08.2022;22.08.2022;05.09.2022;19.09.2022;04.10.2022;17.10.2022;31.10.2022;14.11.2022;28.11.2022;12.12.2022;27.12.2022
Drakestadt - Abandorf,paper,12.01.2022;09.02.2022;09.03.2022;06.04.2022;04.05.2022;01.06.2022;29.06.2022;27.07.2022;24.08.2022;21.09.2022;19.10.2022;16.11.2022;14.12.2022
Drakestadt - Abandorf,plastic,25.01.2022;22.02.2022;22.03.2022;20.04.2022;17.05.2022;14.06.2022;12.07.2022;09.08.2022;06.09.2022;05.10.2022;02.11.2022;29.11.2022;28.12.2022
Drakestadt - Abandorf,bulk garbage,03.02.2022;07.04.2022;09.06.2022;11.08.2022;13.10.2022;08.12.2022
Drakestadt - Abandorf,special waste,30.04.2022;09.07.2022;12.11.2022
Drakestadt - Adadorf,residual waste,03.01.2022;17.01.2022;31.01.2022;14.02.2022;28.02.2022;14.03.2022;28.03.2022;09.04.2022;25.04.2022;09.05.2022;23.05.2022;07.06.2022;20.06.2022;04.07.2022;18.07.2022;01.08.2022;16.08.2022;29.08.2022;12.09.2022;26.09.2022;10.10.2022;24.10.2022;07.11.2022;21.11.2022;05.12.2022;19.12.2022
Drakestadt - Adadorf,organic,10.01.2022;24.01.2022;07.02.2022;21.02.2022;07.03.2022;21.03.2022;04.04.2022;19.04.2022;02.05.2022;16.05.2022;30.05.2022;13.06.2022;27.06.2022;11.07.2022;25.07.2022;08.08.2022;22.08.2022;05.09.2022;19.09.2022;04.10.2022;17.10.2022;31.10.2022;14.11.2022;28.11.2022;12.12.2022;27.12.2022
Drakestadt - Adadorf,paper,12.01.2022;09.02.2022;09.03.2022;06.04.2022;04.05.2022;01.06.2022;29.06.2022;27.07.2022;24.08.2022;21.09.2022;19.10.2022;16.11.2022;14.12.2022
Drakestadt - Adadorf,plastic,25.01.2022;22.02.2022;22.03.2022;20.04.2022;17.05.2022;14.06.2022;12.07.2022;09.08.2022;06.09.2022;05.10.2022;02.11.2022;29.11.2022;28.12.2022
Drakestadt - Adadorf,bulk garbage,03.02.2022;07.04.2022;09.06.2022;11.08.2022;13.10.2022;08.12.2022
Drakestadt - Adadorf,special waste,30.04.2022;09.07.2022;12.11.2022
Drakestadt - Adamsdorf,residual waste,03.01.2022;17.01.2022;31.01.2022;14.02.2022;28.02.2022;14.03.2022;28.03.2022;09.04.2022;25.04.2022;09.05.2022;23.05.2022;07.06.2022;20.06.2022;04.07.2022;18.07.2022;01.08.2022;16.08.2022;29.08.2022;12.09.2022;26.09.2022;10.10.2022;24.10.2022;07.11.2022;21.11.2022;05.12.2022;19.12.2022
Drakestadt - Adamsdorf,organic,10.01.2022;24.01.2022;07.02.2022;21.02.2022;07.03.2022;21.03.2022;04.04.2022;19.04.2022;02.05.2022;16.05.2022;30.05.2022;13.06.2022;27.06.2022;11.07.2022;25.07.2022;08.08.2022;22.08.2022;05.09.2022;19.09.2022;04.10.2022;17.10.2022;31.10.2022;14.11.2022;28.11.2022;12.12.2022;27.12.2022
Drakestadt - Adamsdorf,paper,12.01.2022;09.02.2022;09.03.2022;06.04.2022;04.05.2022;01.06.2022;29.06.2022;27.07.2022;24.08.2022;21.09.2022;19.10.2022;16.11.2022;14.12.2022
Drakestadt - Adamsdorf,plastic,25.01.2022;22.02.2022;22.03.2022;20.04.2022;17.05.2022;14.06.2022;12.07.2022;09.08.2022;06.09.2022;05.10.2022;02.11.2022;29.11.2022;28.12.2022
Drakestadt - Adamsdorf,bulk garbage,03.02.2022;07.04.2022;09.06.2022;11.08.2022;13.10.2022;08.12.2022
Drakestadt - Adamsdorf,special waste,30.04.2022;09.07.2022;12.11.2022
Drakestadt - Agassizdorf,residual waste,03.01.2022;17.01.2022;31.01.2022;14.02.2022;28.02.2022;14.03.2022;28.03.2022;09.04.2022;25.04.2022;09.05.2022;23.05.2022;07.06.2022;20.06.2022;04.07.2022;18.07.2022;01.08.2022;16.08.2022;29.08.2022;12.09.2022;26.09.2022;10.10.2022;24.10.2022;07.11.2022;21.11.2022;05.12.2022;19.12.2022
Drakestadt - Agassizdorf,organic,10.01.2022;24.01.2022;07.02.2022;21.02.2022;07.03.2022;21.03.2022;04.04.2022;19.04.2022;02.05.2022;16.05.2022;30.05.2022;13.06.2022;27.06.2022;11.07.2022;25.07.2022;08.08.2022;22.08.2022;05.09.2022;19.09.2022;04.10.2022;17.10.2022;31.10.2022;14.11.2022;28.11.2022;12.12.2022;27.12.2022
Drakestadt - Agassizdorf,paper,12.01.2022;09.02.2022;09.03.2022;06.04.2022;04.05.2022;01.06.2022;29.06.2022;27.07.2022;24.08.2022;21.09.2022;19.10.2022;16.11.2022;14.12.2022
Drakestadt - Agassizdorf,plastic,25.01.2022;22.02.2022;22.03.2022;20.04.2022;17.05.2022;14.06.2022;12.07.2022;09.08.2022;06.09.2022;05.10.2022;02.11.2022;29.11.2022;28.12.2022
Drakestadt - Agassizdorf,bulk garbage,03.02.2022;07.04.2022;09.06.2022;11.08.2022;13.10.2022;08.12.2022
Drakestadt - Agassizdorf,special waste,30.04.2022;09.07.2022;12.11.2022
Drakestadt - Airydorf,residual waste,03.01.2022;17.01.2022;31.01.2022;14.02.2022;28.02.2022;14.03.2022;28.03.2022;09.04.2022;25.04.2022;09.05.2022;23.05.2022;07.06.2022;20.06.2022;04.07.2022;18.07.2022;01.08.2022;16.08.2022;29.08.2022;12.09.2022;26.09.2022;10.10.2022;24.10.2022;07.11.2022;21.11.2022;05.12.2022;19.12.2022
Drakestadt - Airydorf,organic,10.01.2022;24.01.2022;07.02.2022;21.02.2022;07.03.2022;21.03.2022;04.04.2022;19.04.2022;02.05.2022;16.05.2022;30.05.2022;13.06.2022;27.06.2022;11.07.2022;25.07.2022;08.08.2022;22.08.2022;05.09.2022;19.09.2022;04.10.2022;17.10.2022;31.10.2022;14.11.2022;28.11.2022;12.12.2022;27.12.2022
Drakestadt - Airydorf,paper,12.01.2022;09.02.2022;09.03.2022;06.04.2022;04.05.2022;01.06.2022;29.06.2022;27.07.2022;24.08.2022;21.09.2022;19.10.2022;16.11.2022;14.12.2022
Drakestadt - Airydorf,plastic,25.01.2022;22.02.2022;22.03.2022;20.04.2022;17.05.2022;14.06.2022;12.07.2022;09.08.2022;06.09.2022;05.10.2022;02.11.2022;29.11.2022;28.12.2022
Drakestadt - Airydorf,bulk garbage,03.02.2022;07.04.2022;09.06.2022;11.08.2022;13.10.2022;08.12.2022
Drakestadt - Airydorf,special waste,30.04.2022;09.07.2022;12.11.2022
Drakestadt - Airy-0dorf,residual waste,03.01.2022;17.01.2022;31.01.2022;14.02.2022;28.02.2022;14.03.2022;28.03.2022;09.04.2022;25.04.2022;09.05.2022;23.05.2022;07.06.2022;20.06.2022;04.07.2022;18.07.2022;01.08.2022;16.08.2022;29.08.2022;12.09.2022;26.09.2022;10.10.2022;24.10.2022;07.11.2022;21.11.2022;05.12.2022;19.12.2022
Drakestadt - Airy-0dorf,organic,10.01.2022;24.01.2022;07.02.2022;21.02.2022;07.03.2022;21.03.2022;04.04.2022;19.04.2022;02.05.2022;16.05.2022;30.05.2022;13.06.2022;27.06.2022;11.07.2022;25.07.2022;08.08.2022;22.08.2022;05.09.2022;19.09.2022;04.10.2022;17.10.2022;31.10.2022;14.11.2022;28.11.2022;12.12.2022;27.12.2022
Drakestadt - Airy-0dorf,paper,12.01.2022;09.02.2022;09.03.2022;06.04.2022;04.05.2022;01.06.2022;29.06.2022;27.07.2022;24.08.2022;21.09.2022;19.10.2022;16.11.2022;14.12.2022
Drakestadt - Airy-0dorf,plastic,25.01.2022;22.02.2022;22.03.2022;20.04.2022;17.05.2022;14.06.2022;12.07.2022;09.08.2022;06.09.2022;05.10.2022;02.11.2022;29.11.2022;28.12.2022
Drakestadt - Airy-0dorf,bulk garbage,03.02.2022;07.04.2022;09.06.2022;11.08.2022;13.10.2022;08.12.2022
Drakestadt - Airy-0dorf,special waste,30.04.2022;09.07.2022;12.11.2022
Drakestadt - Ajondorf,residual waste,03.01.2022;17.01.2022;31.01.2022;14.02.2022;28.02.2022;14.03.2022;28.03.2022;09.04.2022;25.04.2022;09.05.2022;23.05.2022;07.06.2022;20.06.2022;04.07.2022;18.07.2022;01.08.2022;16.08.2022;29.08.2022;12.09.2022;26.09.2022;10.10.2022;24.10.2022;07.11.2022;21.11.2022;05.12.2022;19.12.2022
Drakestadt - Ajondorf,organic,10.01.2022;24.01.2022;07.02.2022;21.02.2022;07.03.2022;21.03.2022;04.04.2022;19.04.2022;02.05.2022;16.05.2022;30.05.2022;13.06.2022;27.06.2022;11.07.2022;25.07.2022;08.08.2022;22.08.2022;05.09.2022;19.09.2022;04.10.2022;17.10.2022;31.10.2022;14.11.2022;28.11.2022;12.12.2022;27.12.2022
Drakestadt - Ajondorf,paper,12.01.2022;09.02.2022;09.03.2022;06.04.2022;04.05.2022;01.06.2022;29.06.2022;27.07.2022;24.08.2022;21.09.2022;19.10.2022;16.11.2022;14.12.2022
Drakestadt - Ajondorf,plastic,25.01.2022;22.02.2022;22.03.2022;20.04.2022;17.05.2022;14.06.2022;12.07.2022;09.08.2022;06.09.2022;05.10.2022;02.11.2022;29.11.2022;28.12.2022
Drakestadt - Ajondorf,bulk garbage,03.02.2022;07.04.2022;09.06.2022;11.08.2022;13.10.2022;08.12.2022
Drakestadt - Ajondorf,special waste,30.04.2022;09.07.2022;12.11.2022
Drakestadt - Akidorf,residual waste,03.01.2022;17.01.2022;31.01.2022;14.02.2022;28.02.2022;14.03.2022;28.03.2022;09.04.2022;25.04.2022;09.05.2022;23.05.2022;07.06.2022;20.06.2022;04.07.2022;18.07.2022;01.08.2022;16.08.2022;29.08.2022;12.09.2022;26.09.2022;10.10.2022;24.10.2022;07.11.2022;21.11.2022;05.12.2022;19.12.2022
Drakestadt - Akidorf,organic,10.01.2022;24.01.2022;07.02.2022;21.02.2022;07.03.2022;21.03.2022;04.04.2022;19.04.2022;02.05.2022;16.05.2022;30.05.2022;13.06.2022;27.06.2022;11.07.2022;25.07.2022;08.08.2022;22.08.2022;05.09.2022;19.09.2022;04.10.2022;17.10.2022;31.10.2022;14.11.2022;28.11.2022;12.12.2022;27.12.2022
Drakestadt - Akidorf,paper,12.01.2022;09.02.2022;09.03.2022;06.04.2022;04.05.2022;01.06.2022;29.06.2022;27.07.2022;24.08.2022;21.09.2022;19.10.2022;16.11.2022;14.12.2022
Drakestadt - Akidorf,plastic,25.01.2022;22.02.2022;22.03.2022;20.04.2022;17.05.2022;14.06.2022;12.07.2022;09.08.2022;06.09.2022;05.10.2022;02.11.2022;29.11.2022;28.12.2022
Drakestadt - Akidorf,bulk garbage,03.02.2022;07.04.2022;09.06.2022;11.08.2022;13.10.2022;08.12.2022
Drakestadt - Akidorf,special waste,30.04.2022;09.07.2022;12.11.2022
Harrington - Badadorf,bulk garbage,03.02.2022;07.04.2022;09.06.2022;11.08.2022;13.10.2022;08.12.2022
Harrington - Badadorf,special waste,26.03.2022;09.04.2022;09.07.2022;24.09.2022;29.10.2022
Drakestadt - Alamosdorf,residual waste,03.01.2022;17.01.2022;31.01.2022;14.02.2022;28.02.2022;14.03.2022;28.03.2022;09.04.2022;25.04.2022;09.05.2022;23.05.2022;07.06.2022;20.06.2022;04.07.2022;18.07.2022;01.08.2022;16.08.2022;29.08.2022;12.09.2022;26.09.2022;10.10.2022;24.10.2022;07.11.2022;21.11.2022;05.12.2022;19.12.2022
Drakestadt - Alamosdorf,organic,10.01.2022;24.01.2022;07.02.2022;21.02.2022;07.03.2022;21.03.2022;04.04.2022;19.04.2022;02.05.2022;16.05.2022;30.05.2022;13.06.2022;27.06.2022;11.07.2022;25.07.2022;08.08.2022;22.08.2022;05.09.2022;19.09.2022;04.10.2022;17.10.2022;31.10.2022;14.11.2022;28.11.2022;12.12.2022;27.12.2022
Drakestadt - Alamosdorf,paper,12.01.2022;09.02.2022;09.03.2022;06.04.2022;04.05.2022;01.06.2022;29.06.2022;27.07.2022;24.08.2022;21.09.2022;19.10.2022;16.11.2022;14.12.2022
Drakestadt - Alamosdorf,plastic,25.01.2022;22.02.2022;22.03.2022;20.04.2022;17.05.2022;14.06.2022;12.07.2022;09.08.2022;06.09.2022;05.10.2022;02.11.2022;29.11.2022;28.12.2022
Drakestadt - Alamosdorf,bulk garbage,03.02.2022;07.04.2022;09.06.2022;11.08.2022;13.10.2022;08.12.2022
Drakestadt - Alamosdorf,special waste,30.04.2022;09.07.2022;12.11.2022
Drakestadt - Albanydorf,residual waste,03.01.2022;17.01.2022;31.01.2022;14.02.2022;28.02.2022;14.03.2022;28.03.2022;09.04.2022;25.04.2022;09.05.2022;23.05.2022;07.06.2022;20.06.2022;04.07.2022;18.07.2022;01.08.2022;16.08.2022;29.08.2022;12.09.2022;26.09.2022;10.10.2022;24.10.2022;07.11.2022;21.11.2022;05.12.2022;19.12.2022
Drakestadt - Albanydorf,organic,10.01.2022;24.01.2022;07.02.2022;21.02.2022;07.03.2022;21.03.2022;04.04.2022;19.04.2022;02.05.2022;16.05.2022;30.05.2022;13.06.2022;27.06.2022;11.07.2022;25.07.2022;08.08.2022;22.08.2022;05.09.2022;19.09.2022;04.10.2022;17.10.2022;31.10.2022;14.11.2022;28.11.2022;12.12.2022;27.12.2022
Drakestadt - Albanydorf,paper,12.01.2022;09.02.2022;09.03.2022;06.04.2022;04.05.2022;01.06.2022;29.06.2022;27.07.2022;24.08.2022;21.09.2022;19.10.2022;16.11.2022;14.12.2022
Drakestadt - Albanydorf,plastic,25.01.2022;22.02.2022;22.03.2022;20.04.2022;17.05.2022;14.06.2022;12.07.2022;09.08.2022;06.09.2022;05.10.2022;02.11.2022;29.11.2022;28.12.2022
Drakestadt - Albanydorf,bulk garbage,03.02.2022;07.04.2022;09.06.2022;11.08.2022;13.10.2022;08.12.2022
Drakestadt - Albanydorf,special waste,30.04.2022;09.07.2022;12.11.2022
Drakestadt - Albidorf,residual waste,03.01.2022;17.01.2022;31.01.2022;14.02.2022;28.02.2022;14.03.2022;28.03.2022;09.04.2022;25.04.2022;09.05.2022;23.05.2022;07.06.2022;20.06.2022;04.07.2022;18.07.2022;01.08.2022;16.08.2022;29.08.2022;12.09.2022;26.09.2022;10.10.2022;24.10.2022;07.11.2022;21.11.2022;05.12.2022;19.12.2022
Drakestadt - Albidorf,organic,10.01.2022;24.01.2022;07.02.2022;21.02.2022;07.03.2022;21.03.2022;04.04.2022;19.04.2022;02.05.2022;16.05.2022;30.05.2022;13.06.2022;27.06.2022;11.07.2022;25.07.2022;08.08.2022;22.08.2022;05.09.2022;19.09.2022;04.10.2022;17.10.2022;31.10.2022;14.11.2022;28.11.2022;12.12.2022;27.12.2022
Drakestadt - Albidorf,paper,12.01.2022;09.02.2022;09.03.2022;06.04.2022;04.05.2022;01.06.2022;29.06.2022;27.07.2022;24.08.2022;21.09.2022;19.10.2022;16.11.2022;14.12.2022
Drakestadt - Albidorf,plastic,25.01.2022;22.02.2022;22.03.2022;20.04.2022;17.05.2022;14.06.2022;12.07.2022;09.08.2022;06.09.2022;05.10.2022;02.11.2022;29.11.2022;28.12.2022
Drakestadt - Albidorf,bulk garbage,03.02.2022;07.04.2022;09.06.2022;11.08.2022;13.10.2022;08.12.2022
Drakestadt - Albidorf,special waste,30.04.2022;09.07.2022;12.11.2022
Harrington - Bahndorf,bulk garbage,03.02.2022;07.04.2022;09.06.2022;11.08.2022;13.10.2022;08.12.2022
Harrington - Bahndorf,special waste,26.03.2022;09.04.2022;09.07.2022;24.09.2022;29.10.2022
Drakestadt - Alexey Tolstoydorf,residual waste,03.01.2022;17.01.2022;31.01.2022;14.02.2022;28.02.2022;14.03.2022;28.03.2022;09.04.2022;25.04.2022;09.05.2022;23.05.2022;07.06.2022;20.06.2022;04.07.2022;18.07.2022;01.08.2022;16.08.2022;29.08.2022;12.09.2022;26.09.2022;10.10.2022;24.10.2022;07.11.2022;21.11.2022;05.12.2022;19.12.2022
Drakestadt - Alexey Tolstoydorf,organic,10.01.2022;24.01.2022;07.02.2022;21.02.2022;07.03.2022;21.03.2022;04.04.2022;19.04.2022;02.05.2022;16.05.2022;30.05.2022;13.06.2022;27.06.2022;11.07.2022;25.07.2022;08.08.2022;22.08.2022;05.09.2022;19.09.2022;04.10.2022;17.10.2022;31.10.2022;14.11.2022;28.11.2022;12.12.2022;27.12.2022
Drakestadt - Alexey Tolstoydorf,paper,12.01.2022;09.02.2022;09.03.2022;06.04.2022;04.05.2022;01.06.2022;29.06.2022;27.07.2022;24.08.2022;21.09.2022;19.10.2022;16.11.2022;14.12.2022
Drakestadt - Alexey Tolstoydorf,plastic,25.01.2022;22.02.2022;22.03.2022;20.04.2022;17.05.2022;14.06.2022;12.07.2022;09.08.2022;06.09.2022;05.10.2022;02.11.2022;29.11.2022;28.12.2022
Drakestadt - Alexey Tolstoydorf,bulk garbage,03.02.2022;07.04.2022;09.06.2022;11.08.2022;13.10.2022;08.12.2022
Drakestadt - Alexey Tolstoydorf,special waste,30.04.2022;09.07.2022;12.11.2022
Drakestadt - Algadorf,residual waste,03.01.2022;17.01.2022;31.01.2022;14.02.2022;28.02.2022;14.03.2022;28.03.2022;09.04.2022;25.04.2022;09.05.2022;23.05.2022;07.06.2022;20.06.2022;04.07.2022;18.07.2022;01.08.2022;16.08.2022;29.08.2022;12.09.2022;26.09.2022;10.10.2022;24.10.2022;07.11.2022;21.11.2022;05.12.2022;19.12.2022
Drakestadt - Algadorf,organic,10.01.2022;24.01.2022;07.02.2022;21.02.2022;07.03.2022;21.03.2022;04.04.2022;19.04.2022;02.05.2022;16.05.2022;30.05.2022;13.06.2022;27.06.2022;11.07.2022;25.07.2022;08.08.2022;22.08.2022;05.09.2022;19.09.2022;04.10.2022;17.10.2022;31.10.2022;14.11.2022;28.11.2022;12.12.2022;27.12.2022
Drakestadt - Algadorf,paper,12.01.2022;09.02.2022;09.03.2022;06.04.2022;04.05.2022;01.06.2022;29.06.2022;27.07.2022;24.08.2022;21.09.2022;19.10.2022;16.11.2022;14.12.2022
Drakestadt - Algadorf,plastic,25.01.2022;22.02.2022;22.03.2022;20.04.2022;17.05.2022;14.06.2022;12.07.2022;09.08.2022;06.09.2022;05.10.2022;02.11.2022;29.11.2022;28.12.2022
Drakestadt - Algadorf,bulk garbage,03.02.2022;07.04.2022;09.06.2022;11.08.2022;13.10.2022;08.12.2022
Drakestadt - Algadorf,special waste,30.04.2022;09.07.2022;12.11.2022
Drakestadt - Alitusdorf,residual waste,03.01.2022;17.01.2022;31.01.2022;14.02.2022;28.02.2022;14.03.2022;28.03.2022;09.04.2022;25.04.2022;09.05.2022;23.05.2022;07.06.2022;20.06.2022;04.07.2022;18.07.2022;01.08.2022;16.08.2022;29.08.2022;12.09.2022;26.09.2022;10.10.2022;24.10.2022;07.11.2022;21.11.2022;05.12.2022;19.12.2022
Drakestadt - Alitusdorf,organic,10.01.2022;24.01.2022;07.02.2022;21.02.2022;07.03.2022;21.03.2022;04.04.2022;19.04.2022;02.05.2022;16.05.2022;30.05.2022;13.06.2022;27.06.2022;11.07.2022;25.07.2022;08.08.2022;22.08.2022;05.09.2022;19.09.2022;04.10.2022;17.10.2022;31.10.2022;14.11.2022;28.11.2022;12.12.2022;27.12.2022
Drakestadt - Alitusdorf,paper,12.01.2022;09.02.2022;09.03.2022;06.04.2022;04.05.2022;01.06.2022;29.06.2022;27.07.2022;24.08.2022;21.09.2022;19.10.2022;16.11.2022;14.12.2022
Drakestadt - Alitusdorf,plastic,25.01.2022;22.02.2022;22.03.2022;20.04.2022;17.05.2022;14.06.2022;12.07.2022;09.08.2022;06.09.2022;05.10.2022;02.11.2022;29.11.2022;28.12.2022
Drakestadt - Alitusdorf,bulk garbage,03.02.2022;07.04.2022;09.06.2022;11.08.2022;13.10.2022;08.12.2022
Drakestadt - Alitusdorf,special waste,30.04.2022;09.07.2022;12.11.2022
Drakestadt - Alnifdorf,residual waste,03.01.2022;17.01.2022;31.01.2022;14.02.2022;28.02.2022;14.03.2022;28.03.2022;09.04.2022;25.04.2022;09.05.2022;23.05.2022;07.06.2022;20.06.2022;04.07.2022;18.07.2022;01.08.2022;16.08.2022;29.08.2022;12.09.2022;26.09.2022;10.10.2022;24.10.2022;07.11.2022;21.11.2022;05.12.2022;19.12.2022
Drakestadt - Alnifdorf,organic,10.01.2022;24.01.2022;07.02.2022;21.02.2022;07.03.2022;21.03.2022;04.04.2022;19.04.2022;02.05.2022;16.05.2022;30.05.2022;13.06.2022;27.06.2022;11.07.2022;25.07.2022;08.08.2022;22.08.2022;05.09.2022;19.09.2022;04.10.2022;17.10.2022;31.10.2022;14.11.2022;28.11.2022;12.12.2022;27.12.2022
Drakestadt - Alnifdorf,paper,12.01.2022;09.02.2022;09.03.2022;06.04.2022;04.05.2022;01.06.2022;29.06.2022;27.07.2022;24.08.2022;21.09.2022;19.10.2022;16.11.2022;14.12.2022
Drakestadt - Alnifdorf,plastic,25.01.2022;22.02.2022;22.03.2022;20.04.2022;17.05.2022;14.06.2022;12.07.2022;09.08.2022;06.09.2022;05.10.2022;02.11.2022;29.11.2022;28.12.2022
Drakestadt - Alnifdorf,bulk garbage,03.02.2022;07.04.2022;09.06.2022;11.08.2022;13.10.2022;08.12.2022
Drakestadt - Alnifdorf,special waste,30.04.2022;09.07.2022;12.11.2022
Drakestadt - Alofidorf,residual waste,03.01.2022;17.01.2022;31.01.2022;14.02.2022;28.02.2022;14.03.2022;28.03.2022;09.04.2022;25.04.2022;09.05.2022;23.05.2022;07.06.2022;20.06.2022;04.07.2022;18.07.2022;01.08.2022;16.08.2022;29.08.2022;12.09.2022;26.09.2022;10.10.2022;24.10.2022;07.11.2022;21.11.2022;05.12.2022;19.12.2022
Drakestadt - Alofidorf,organic,10.01.2022;24.01.2022;07.02.2022;21.02.2022;07.03.2022;21.03.2022;04.04.2022;19.04.2022;02.05.2022;16.05.2022;30.05.2022;13.06.2022;27.06.2022;11.07.2022;25.07.2022;08.08.2022;22.08.2022;05.09.2022;19.09.2022;04.10.2022;17.10.2022;31.10.2022;14.11.2022;28.11.2022;12.12.2022;27.12.2022
Drakestadt - Alofidorf,paper,12.01.2022;09.02.2022;09.03.2022;06.04.2022;04.05.2022;01.06.2022;29.06.2022;27.07.2022;24.08.2022;21.09.2022;19.10.2022;16.11.2022;14.12.2022
Drakestadt - Alofidorf,plastic,25.01.2022;22.02.2022;22.03.2022;20.04.2022;17.05.2022;14.06.2022;12.07.2022;09.08.2022;06.09.2022;05.10.2022;02.11.2022;29.11.2022;28.12.2022
Drakestadt - Alofidorf,bulk garbage,03.02.2022;07.04.2022;09.06.2022;11.08.2022;13.10.2022;08.12.2022
Drakestadt - Alofidorf,special waste,30.04.2022;09.07.2022;12.11.2022
Harrington - Badadorf,residual waste,08.01.2022;21.01.2022;04.02.2022;18.02.2022;04.03.2022;18.03.2022;01.04.2022;14.04.2022;29.04.2022;13.05.2022;28.05.2022;11.06.2022;24.06.2022;08.07.2022;22.07.2022;05.08.2022;20.08.2022;02.09.2022;16.09.2022;30.09.2022;14.10.2022;28.10.2022;11.11.2022;25.11.2022;09.12.2022;23.12.2022
Harrington - Badadorf,organic,14.01.2022;28.01.2022;11.02.2022;25.02.2022;11.03.2022;25.03.2022;08.04.2022;23.04.2022;06.05.2022;20.05.2022;03.06.2022;18.06.2022;01.07.2022;15.07.2022;29.07.2022;12.08.2022;26.08.2022;09.09.2022;23.09.2022;08.10.2022;21.10.2022;05.11.2022;18.11.2022;02.12.2022;16.12.2022;31.12.2022
Harrington - Badadorf,paper,26.01.2022;23.02.2022;23.03.2022;21.04.2022;18.05.2022;15.06.2022;13.07.2022;10.08.2022;07.09.2022;06.10.2022;03.11.2022;30.11.2022;29.12.2022
Harrington - Badadorf,plastic,17.01.2022;14.02.2022;14.03.2022;11.04.2022;09.05.2022;07.06.2022;04.07.2022;01.08.2022;29.08.2022;26.09.2022;24.10.2022;21.11.2022;19.12.2022
Harrington - Babakindorf,residual waste,08.01.2022;21.01.2022;04.02.2022;18.02.2022;04.03.2022;18.03.2022;01.04.2022;14.04.2022;29.04.2022;13.05.2022;28.05.2022;11.06.2022;24.06.2022;08.07.2022;22.07.2022;05.08.2022;20.08.2022;02.09.2022;16.09.2022;30.09.2022;14.10.2022;28.10.2022;11.11.2022;25.11.2022;09.12.2022;23.12.2022
Harrington - Babakindorf,organic,14.01.2022;28.01.2022;11.02.2022;25.02.2022;11.03.2022;25.03.2022;08.04.2022;23.04.2022;06.05.2022;20.05.2022;03.06.2022;18.06.2022;01.07.2022;15.07.2022;29.07.2022;12.08.2022;26.08.2022;09.09.2022;23.09.2022;08.10.2022;21.10.2022;05.11.2022;18.11.2022;02.12.2022;16.12.2022;31.12.2022
Harrington - Babakindorf,paper,26.01.2022;23.02.2022;23.03.2022;21.04.2022;18.05.2022;15.06.2022;13.07.2022;10.08.2022;07.09.2022;06.10.2022;03.11.2022;30.11.2022;29.12.2022
Harrington - Babakindorf,plastic,17.01.2022;14.02.2022;14.03.2022;11.04.2022;09.05.2022;07.06.2022;04.07.2022;01.08.2022;29.08.2022;26.09.2022;24.10.2022;21.11.2022;19.12.2022
Harrington - Babakindorf,bulk garbage,03.02.2022;07.04.2022;09.06.2022;11.08.2022;13.10.2022;08.12.2022
Harrington - Babakindorf,special waste,26.03.2022;09.04.2022;09.07.2022;24.09.2022;29.10.2022
Harrington - Bachtdorf,residual waste,08.01.2022;21.01.2022;04.02.2022;18.02.2022;04.03.2022;18.03.2022;01.04.2022;14.04.2022;29.04.2022;13.05.2022;28.05.2022;11.06.2022;24.06.2022;08.07.2022;22.07.2022;05.08.2022;20.08.2022;02.09.2022;16.09.2022;30.09.2022;14.10.2022;28.10.2022;11.11.2022;25.11.2022;09.12.2022;23.12.2022
Harrington - Bachtdorf,organic,14.01.2022;28.01.2022;11.02.2022;25.02.2022;11.03.2022;25.03.2022;08.04.2022;23.04.2022;06.05.2022;20.05.2022;03.06.2022;18.06.2022;01.07.2022;15.07.2022;29.07.2022;12.08.2022;26.08.2022;09.09.2022;23.09.2022;08.10.2022;21.10.2022;05.11.2022;18.11.2022;02.12.2022;16.12.2022;31.12.2022
Harrington - Bachtdorf,paper,24.01.2022;21.02.2022;21.03.2022;19.04.2022;16.05.2022;13.06.2022;11.07.2022;08.08.2022;05.09.2022;04.10.2022;31.10.2022;28.11.2022;27.12.2022
Harrington - Bachtdorf,plastic,18.01.2022;15.02.2022;15.03.2022;11.04.2022;10.05.2022;08.06.2022;05.07.2022;02.08.2022;30.08.2022;27.09.2022;25.10.2022;22.11.2022;20.12.2022
Harrington - Bachtdorf,bulk garbage,03.02.2022;07.04.2022;09.06.2022;11.08.2022;13.10.2022;08.12.2022
Harrington - Bachtdorf,special waste,26.03.2022;09.04.2022;09.07.2022;24.09.2022;29.10.2022
Harrington - Bacolordorf,residual waste,08.01.2022;21.01.2022;04.02.2022;18.02.2022;04.03.2022;18.03.2022;01.04.2022;14.04.2022;29.04.2022;13.05.2022;28.05.2022;11.06.2022;24.06.2022;08.07.2022;22.07.2022;05.08.2022;20.08.2022;02.09.2022;16.09.2022;30.09.2022;14.10.2022;28.10.2022;11.11.2022;25.11.2022;09.12.2022;23.12.2022
Harrington - Bacolordorf,organic,14.01.2022;28.01.2022;11.02.2022;25.02.2022;11.03.2022;25.03.2022;08.04.2022;23.04.2022;06.05.2022;20.05.2022;03.06.2022;18.06.2022;01.07.2022;15.07.2022;29.07.2022;12.08.2022;26.08.2022;09.09.2022;23.09.2022;08.10.2022;21.10.2022;05.11.2022;18.11.2022;02.12.2022;16.12.2022;31.12.2022
Harrington - Bacolordorf,paper,26.01.2022;23.02.2022;23.03.2022;21.04.2022;18.05.2022;15.06.2022;13.07.2022;10.08.2022;07.09.2022;06.10.2022;03.11.2022;30.11.2022;29.12.2022
Harrington - Bacolordorf,plastic,17.01.2022;14.02.2022;14.03.2022;09.04.2022;09.05.2022;07.06.2022;04.07.2022;01.08.2022;29.08.2022;26.09.2022;24.10.2022;21.11.2022;19.12.2022
Harrington - Bacolordorf,bulk garbage,03.02.2022;07.04.2022;09.06.2022;11.08.2022;13.10.2022;08.12.2022
Harrington - Bacolordorf,special waste,26.03.2022;09.04.2022;09.07.2022;24.09.2022;29.10.2022
Harrington - Badgerdorf,residual waste,08.01.2022;21.01.2022;04.02.2022;18.02.2022;04.03.2022;18.03.2022;01.04.2022;14.04.2022;29.04.2022;13.05.2022;28.05.2022;11.06.2022;24.06.2022;08.07.2022;22.07.2022;05.08.2022;20.08.2022;02.09.2022;16.09.2022;30.09.2022;14.10.2022;28.10.2022;11.11.2022;25.11.2022;09.12.2022;23.12.2022
Harrington - Badgerdorf,organic,14.01.2022;28.01.2022;11.02.2022;25.02.2022;11.03.2022;25.03.2022;08.04.2022;23.04.2022;06.05.2022;20.05.2022;03.06.2022;18.06.2022;01.07.2022;15.07.2022;29.07.2022;12.08.2022;26.08.2022;09.09.2022;23.09.2022;08.10.2022;21.10.2022;05.11.2022;18.11.2022;02.12.2022;16.12.2022;31.12.2022
Harrington - Badgerdorf,paper,26.01.2022;23.02.2022;23.03.2022;21.04.2022;18.05.2022;15.06.2022;13.07.2022;10.08.2022;07.09.2022;06.10.2022;03.11.2022;30.11.2022;29.12.2022
Harrington - Badgerdorf,plastic,17.01.2022;14.02.2022;14.03.2022;09.04.2022;09.05.2022;07.06.2022;04.07.2022;01.08.2022;29.08.2022;26.09.2022;24.10.2022;21.11.2022;19.12.2022
Harrington - Badgerdorf,bulk garbage,03.02.2022;07.04.2022;09.06.2022;11.08.2022;13.10.2022;08.12.2022
Harrington - Badgerdorf,special waste,26.03.2022;09.04.2022;09.07.2022;24.09.2022;29.10.2022
Harrington - Badwaterdorf,residual waste,08.01.2022;21.01.2022;04.02.2022;18.02.2022;04.03.2022;18.03.2022;01.04.2022;14.04.2022;29.04.2022;13.05.2022;28.05.2022;11.06.2022;24.06.2022;08.07.2022;22.07.2022;05.08.2022;20.08.2022;02.09.2022;16.09.2022;30.09.2022;14.10.2022;28.10.2022;11.11.2022;25.11.2022;09.12.2022;23.12.2022
Harrington - Badwaterdorf,organic,14.01.2022;28.01.2022;11.02.2022;25.02.2022;11.03.2022;25.03.2022;08.04.2022;23.04.2022;06.05.2022;20.05.2022;03.06.2022;18.06.2022;01.07.2022;15.07.2022;29.07.2022;12.08.2022;26.08.2022;09.09.2022;23.09.2022;08.10.2022;21.10.2022;05.11.2022;18.11.2022;02.12.2022;16.12.2022;31.12.2022
Harrington - Badwaterdorf,paper,26.01.2022;23.02.2022;23.03.2022;21.04.2022;18.05.2022;15.06.2022;13.07.2022;10.08.2022;07.09.2022;06.10.2022;03.11.2022;30.11.2022;29.12.2022
Harrington - Badwaterdorf,plastic,17.01.2022;14.02.2022;14.03.2022;09.04.2022;09.05.2022;07.06.2022;04.07.2022;01.08.2022;29.08.2022;26.09.2022;24.10.2022;21.11.2022;19.12.2022
Harrington - Badwaterdorf,bulk garbage,03.02.2022;07.04.2022;09.06.2022;11.08.2022;13.10.2022;08.12.2022
Harrington - Badwaterdorf,special waste,26.03.2022;09.04.2022;09.07.2022;24.09.2022;29.10.2022
Harrington - Bahndorf,residual waste,08.01.2022;21.01.2022;04.02.2022;18.02.2022;04.03.2022;18.03.2022;01.04.2022;14.04.2022;29.04.2022;13.05.2022;28.05.2022;11.06.2022;24.06.2022;08.07.2022;22.07.2022;05.08.2022;20.08.2022;02.09.2022;16.09.2022;30.09.2022;14.10.2022;28.10.2022;11.11.2022;25.11.2022;09.12.2022;23.12.2022
Harrington - Bahndorf,organic,14.01.2022;28.01.2022;11.02.2022;25.02.2022;11.03.2022;25.03.2022;08.04.2022;23.04.2022;06.05.2022;20.05.2022;03.06.2022;18.06.2022;01.07.2022;15.07.2022;29.07.2022;12.08.2022;26.08.2022;09.09.2022;23.09.2022;08.10.2022;21.10.2022;05.11.2022;18.11.2022;02.12.2022;16.12.2022;31.12.2022
Harrington - Bahndorf,paper,26.01.2022;23.02.2022;23.03.2022;21.04.2022;18.05.2022;15.06.2022;13.07.2022;10.08.2022;07.09.2022;06.10.2022;03.11.2022;30.11.2022;29.12.2022
Harrington - Bahndorf,plastic,17.01.2022;14.02.2022;14.03.2022;11.04.2022;09.05.2022;07.06.2022;04.07.2022;01.08.2022;29.08.2022;26.09.2022;24.10.2022;21.11.2022;19.12.2022
Harrington - Bakdorf,residual waste,08.01.2022;21.01.2022;04.02.2022;18.02.2022;04.03.2022;18.03.2022;01.04.2022;14.04.2022;29.04.2022;13.05.2022;28.05.2022;11.06.2022;24.06.2022;08.07.2022;22.07.2022;05.08.2022;20.08.2022;02.09.2022;16.09.2022;30.09.2022;14.10.2022;28.10.2022;11.11.2022;25.11.2022;09.12.2022;23.12.2022
Harrington - Bakdorf,organic,14.01.2022;28.01.2022;11.02.2022;25.02.2022;11.03.2022;25.03.2022;08.04.2022;23.04.2022;06.05.2022;20.05.2022;03.06.2022;18.06.2022;01.07.2022;15.07.2022;29.07.2022;12.08.2022;26.08.2022;09.09.2022;23.09.2022;08.10.2022;21.10.2022;05.11.2022;18.11.2022;02.12.2022;16.12.2022;31.12.2022
Harrington - Bakdorf,paper,24.01.2022;21.02.2022;21.03.2022;19.04.2022;16.05.2022;13.06.2022;11.07.2022;08.08.2022;05.09.2022;04.10.2022;31.10.2022;28.11.2022;27.12.2022
Harrington - Bakdorf,plastic,17.01.2022;14.02.2022;14.03.2022;11.04.2022;09.05.2022;07.06.2022;04.07.2022;01.08.2022;29.08.2022;26.09.2022;24.10.2022;21.11.2022;19.12.2022
Harrington - Bakdorf,bulk garbage,03.02.2022;07.04.2022;09.06.2022;11.08.2022;13.10.2022;08.12.2022
Harrington - Bakdorf,special waste,26.03.2022;09.04.2022;09.07.2022;24.09.2022;29.10.2022
Harrington - Bakhuysendorf,residual waste,08.01.2022;21.01.2022;04.02.2022;18.02.2022;04.03.2022;18.03.2022;01.04.2022;14.04.2022;29.04.2022;13.05.2022;28.05.2022;11.06.2022;24.06.2022;08.07.2022;22.07.2022;05.08.2022;20.08.2022;02.09.2022;16.09.2022;30.09.2022;14.10.2022;28.10.2022;11.11.2022;25.11.2022;09.12.2022;23.12.2022
Harrington - Bakhuysendorf,organic,14.01.2022;28.01.2022;11.02.2022;25.02.2022;11.03.2022;25.03.2022;08.04.2022;23.04.2022;06.05.2022;20.05.2022;03.06.2022;18.06.2022;01.07.2022;15.07.2022;29.07.2022;12.08.2022;26.08.2022;09.09.2022;23.09.2022;08.10.2022;21.10.2022;05.11.2022;18.11.2022;02.12.2022;16.12.2022;31.12.2022
Harrington - Bakhuysendorf,paper,24.01.2022;21.02.2022;21.03.2022;19.04.2022;16.05.2022;13.06.2022;11.07.2022;08.08.2022;05.09.2022;04.10.2022;31.10.2022;28.11.2022;27.12.2022
Harrington - Bakhuysendorf,plastic,17.01.2022;14.02.2022;14.03.2022;09.04.2022;09.05.2022;07.06.2022;04.07.2022;01.08.2022;29.08.2022;26.09.2022;24.10.2022;21.11.2022;19.12.2022
Harrington - Bakhuysendorf,bulk garbage,03.02.2022;07.04.2022;09.06.2022;11.08.2022;13.10.2022;08.12.2022
Harrington - Bakhuysendorf,special waste,26.03.2022;09.04.2022;09.07.2022;24.09.2022;29.10.2022
Harrington - Balboadorf,residual waste,08.01.2022;21.01.2022;04.02.2022;18.02.2022;04.03.2022;18.03.2022;01.04.2022;14.04.2022;29.04.2022;13.05.2022;28.05.2022;11.06.2022;24.06.2022;08.07.2022;22.07.2022;05.08.2022;20.08.2022;02.09.2022;16.09.2022;30.09.2022;14.10.2022;28.10.2022;11.11.2022;25.11.2022;09.12.2022;23.12.2022
Harrington - Balboadorf,organic,14.01.2022;28.01.2022;11.02.2022;25.02.2022;11.03.2022;25.03.2022;08.04.2022;23.04.2022;06.05.2022;20.05.2022;03.06.2022;18.06.2022;01.07.2022;15.07.2022;29.07.2022;12.08.2022;26.08.2022;09.09.2022;23.09.2022;08.10.2022;21.10.2022;05.11.2022;18.11.2022;02.12.2022;16.12.2022;31.12.2022
Harrington - Balboadorf,paper,24.01.2022;21.02.2022;21.03.2022;19.04.2022;16.05.2022;13.06.2022;11.07.2022;08.08.2022;05.09.2022;04.10.2022;31.10.2022;28.11.2022;27.12.2022
Harrington - Balboadorf,plastic,17.01.2022;14.02.2022;14.03.2022;09.04.2022;09.05.2022;07.06.2022;04.07.2022;01.08.2022;29.08.2022;26.09.2022;24.10.2022;21.11.2022;19.12.2022
Harrington - Balboadorf,bulk garbage,03.02.2022;07.04.2022;09.06.2022;11.08.2022;13.10.2022;08.12.2022
Harrington - Balboadorf,special waste,26.03.2022;09.04.2022;09.07.2022;24.09.2022;29.10.2022
Harrington - Baldetdorf,residual waste,08.01.2022;21.01.2022;04.02.2022;18.02.2022;04.03.2022;18.03.2022;01.04.2022;14.04.2022;29.04.2022;13.05.2022;28.05.2022;11.06.2022;24.06.2022;08.07.2022;22.07.2022;05.08.2022;20.08.2022;02.09.2022;16.09.2022;30.09.2022;14.10.2022;28.10.2022;11.11.2022;25.11.2022;09.12.2022;23.12.2022
Harrington - Baldetdorf,organic,14.01.2022;28.01.2022;11.02.2022;25.02.2022;11.03.2022;25.03.2022;08.04.2022;23.04.2022;06.05.2022;20.05.2022;03.06.2022;18.06.2022;01.07.2022;15.07.2022;29.07.2022;12.08.2022;26.08.2022;09.09.2022;23.09.2022;08.10.2022;21.10.2022;05.11.2022;18.11.2022;02.12.2022;16.12.2022;31.12.2022
Harrington - Baldetdorf,paper,24.01.2022;21.02.2022;21.03.2022;19.04.2022;16.05.2022;13.06.2022;11.07.2022;08.08.2022;05.09.2022;04.10.2022;31.10.2022;28.11.2022;27.12.2022
Harrington - Baldetdorf,plastic,18.01.2022;15.02.2022;15.03.2022;11.04.2022;10.05.2022;08.06.2022;05.07.2022;02.08.2022;30.08.2022;27.09.2022;25.10.2022;22.11.2022;20.12.2022
Harrington - Baldetdorf,bulk garbage,03.02.2022;07.04.2022;09.06.2022;11.08.2022;13.10.2022;08.12.2022
Harrington - Baldetdorf,special waste,26.03.2022;09.04.2022;09.07.2022;24.09.2022;29.10.2022
Kirkheim - Cairnsdorf,residual waste,04.01.2022;18.01.2022;01.02.2022;15.02.2022;01.03.2022;15.03.2022;29.03.2022;11.04.2022;26.04.2022;10.05.2022;24.05.2022;08.06.2022;21.06.2022;05.07.2022;19.07.2022;02.08.2022;17.08.2022;30.08.2022;13.09.2022;27.09.2022;11.10.2022;25.10.2022;08.11.2022;22.11.2022;06.12.2022;20.12.2022
Kirkheim - Cairnsdorf,organic,11.01.2022;25.01.2022;08.02.2022;22.02.2022;08.03.2022;22.03.2022;05.04.2022;20.04.2022;03.05.2022;17.05.2022;31.05.2022;14.06.2022;28.06.2022;12.07.2022;26.07.2022;09.08.2022;23.08.2022;06.09.2022;20.09.2022;05.10.2022;18.10.2022;02.11.2022;15.11.2022;29.11.2022;13.12.2022;28.12.2022
Kirkheim - Cairnsdorf,paper,28.01.2022;25.02.2022;25.03.2022;23.04.2022;20.05.2022;18.06.2022;15.07.2022;12.08.2022;09.09.2022;08.10.2022;05.11.2022;02.12.2022;31.12.2022
Kirkheim - Cairnsdorf,plastic,24.01.2022;21.02.2022;21.03.2022;19.04.2022;16.05.2022;13.06.2022;11.07.2022;08.08.2022;05.09.2022;04.10.2022;31.10.2022;28.11.2022;27.12.2022
Kirkheim - Cairnsdorf,bulk garbage,03.02.2022;07.04.2022;09.06.2022;11.08.2022;13.10.2022;08.12.2022
Kirkheim - Cairnsdorf,special waste,21.05.2022;26.11.2022
Kirkheim - Calahorradorf,residual waste,04.01.2022;18.01.2022;01.02.2022;15.02.2022;01.03.2022;15.03.2022;29.03.2022;11.04.2022;26.04.2022;10.05.2022;24.05.2022;08.06.2022;21.06.2022;05.07.2022;19.07.2022;02.08.2022;17.08.2022;30.08.2022;13.09.2022;27.09.2022;11.10.2022;25.10.2022;08.11.2022;22.11.2022;06.12.2022;20.12.2022
Kirkheim - Calahorradorf,organic,11.01.2022;25.01.2022;08.02.2022;22.02.2022;08.03.2022;22.03.2022;05.04.2022;20.04.2022;03.05.2022;17.05.2022;31.05.2022;14.06.2022;28.06.2022;12.07.2022;26.07.2022;09.08.2022;23.08.2022;06.09.2022;20.09.2022;05.10.2022;18.10.2022;02.11.2022;15.11.2022;29.11.2022;13.12.2022;28.12.2022
Kirkheim - Calahorradorf,paper,28.01.2022;25.02.2022;25.03.2022;23.04.2022;20.05.2022;18.06.2022;15.07.2022;12.08.2022;09.09.2022;08.10.2022;05.11.2022;02.12.2022;31.12.2022
Kirkheim - Calahorradorf,plastic,24.01.2022;21.02.2022;21.03.2022;19.04.2022;16.05.2022;13.06.2022;11.07.2022;08.08.2022;05.09.2022;04.10.2022;31.10.2022;28.11.2022;27.12.2022
Kirkheim - Calahorradorf,bulk garbage,03.02.2022;07.04.2022;09.06.2022;11.08.2022;13.10.2022;08.12.2022
Kirkheim - Calahorradorf,special waste,21.05.2022;26.11.2022
Kirkheim - Calamardorf,residual waste,04.01.2022;18.01.2022;01.02.2022;15.02.2022;01.03.2022;15.03.2022;29.03.2022;11.04.2022;26.04.2022;10.05.2022;24.05.2022;08.06.2022;21.06.2022;05.07.2022;19.07.2022;02.08.2022;17.08.2022;30.08.2022;13.09.2022;27.09.2022;11.10.2022;25.10.2022;08.11.2022;22.11.2022;06.12.2022;20.12.2022
Kirkheim - Calamardorf,organic,11.01.2022;25.01.2022;08.02.2022;22.02.2022;08.03.2022;22.03.2022;05.04.2022;20.04.2022;03.05.2022;17.05.2022;31.05.2022;14.06.2022;28.06.2022;12.07.2022;26.07.2022;09.08.2022;23.08.2022;06.09.2022;20.09.2022;05.10.2022;18.10.2022;02.11.2022;15.11.2022;29.11.2022;13.12.2022;28.12.2022
Kirkheim - Calamardorf,paper,28.01.2022;25.02.2022;25.03.2022;23.04.2022;20.05.2022;18.06.2022;15.07.2022;12.08.2022;09.09.2022;08.10.2022;05.11.2022;02.12.2022;31.12.2022
Kirkheim - Calamardorf,plastic,24.01.2022;21.02.2022;21.03.2022;19.04.2022;16.05.2022;13.06.2022;11.07.2022;08.08.2022;05.09.2022;04.10.2022;31.10.2022;28.11.2022;27.12.2022
Kirkheim - Calamardorf,bulk garbage,03.02.2022;07.04.2022;09.06.2022;11.08.2022;13.10.2022;08.12.2022
Kirkheim - Calamardorf,special waste,21.05.2022;26.11.2022
Kirkheim - Calbedorf,residual waste,04.01.2022;18.01.2022;01.02.2022;15.02.2022;01.03.2022;15.03.2022;29.03.2022;11.04.2022;26.04.2022;10.05.2022;24.05.2022;08.06.2022;21.06.2022;05.07.2022;19.07.2022;02.08.2022;17.08.2022;30.08.2022;13.09.2022;27.09.2022;11.10.2022;25.10.2022;08.11.2022;22.11.2022;06.12.2022;20.12.2022
Kirkheim - Calbedorf,organic,11.01.2022;25.01.2022;08.02.2022;22.02.2022;08.03.2022;22.03.2022;05.04.2022;20.04.2022;03.05.2022;17.05.2022;31.05.2022;14.06.2022;28.06.2022;12.07.2022;26.07.2022;09.08.2022;23.08.2022;06.09.2022;20.09.2022;05.10.2022;18.10.2022;02.11.2022;15.11.2022;29.11.2022;13.12.2022;28.12.2022
Kirkheim - Calbedorf,paper,28.01.2022;25.02.2022;25.03.2022;23.04.2022;20.05.2022;18.06.2022;15.07.2022;12.08.2022;09.09.2022;08.10.2022;05.11.2022;02.12.2022;31.12.2022
Kirkheim - Calbedorf,plastic,24.01.2022;21.02.2022;21.03.2022;19.04.2022;16.05.2022;13.06.2022;11.07.2022;08.08.2022;05.09.2022;04.10.2022;31.10.2022;28.11.2022;27.12.2022
Kirkheim - Calbedorf,bulk garbage,03.02.2022;07.04.2022;09.06.2022;11.08.2022;13.10.2022;08.12.2022
Kirkheim - Calbedorf,special waste,21.05.2022;26.11.2022
Kirkheim - Camargodorf,residual waste,04.01.2022;18.01.2022;01.02.2022;15.02.2022;01.03.2022;15.03.2022;29.03.2022;11.04.2022;26.04.2022;10.05.2022;24.05.2022;08.06.2022;21.06.2022;05.07.2022;19.07.2022;02.08.2022;17.08.2022;30.08.2022;13.09.2022;27.09.2022;11.10.2022;25.10.2022;08.11.2022;22.11.2022;06.12.2022;20.12.2022
Kirkheim - Camargodorf,organic,11.01.2022;25.01.2022;08.02.2022;22.02.2022;08.03.2022;22.03.2022;05.04.2022;20.04.2022;03.05.2022;17.05.2022;31.05.2022;14.06.2022;28.06.2022;12.07.2022;26.07.2022;09.08.2022;23.08.2022;06.09.2022;20.09.2022;05.10.2022;18.10.2022;02.11.2022;15.11.2022;29.11.2022;13.12.2022;28.12.2022
Kirkheim - Camargodorf,paper,28.01.2022;25.02.2022;25.03.2022;23.04.2022;20.05.2022;18.06.2022;15.07.2022;12.08.2022;09.09.2022;08.10.2022;05.11.2022;02.12.2022;31.12.2022
Kirkheim - Camargodorf,plastic,24.01.2022;21.02.2022;21.03.2022;19.04.2022;16.05.2022;13.06.2022;11.07.2022;08.08.2022;05.09.2022;04.10.2022;31.10.2022;28.11.2022;27.12.2022
Kirkheim - Camargodorf,bulk garbage,03.02.2022;07.04.2022;09.06.2022;11.08.2022;13.10.2022;08.12.2022
Kirkheim - Camargodorf,special waste,21.05.2022;26.11.2022
Kirkheim - Camicheldorf,residual waste,04.01.2022;18.01.2022;01.02.2022;15.02.2022;01.03.2022;15.03.2022;29.03.2022;11.04.2022;26.04.2022;10.05.2022;24.05.2022;08.06.2022;21.06.2022;05.07.2022;19.07.2022;02.08.2022;17.08.2022;30.08.2022;13.09.2022;27.09.2022;11.10.2022;25.10.2022;08.11.2022;22.11.2022;06.12.2022;20.12.2022
Kirkheim - Camicheldorf,organic,11.01.2022;25.01.2022;08.02.2022;22.02.2022;08.03.2022;22.03.2022;05.04.2022;20.04.2022;03.05.2022;17.05.2022;31.05.2022;14.06.2022;28.06.2022;12.07.2022;26.07.2022;09.08.2022;23.08.2022;06.09.2022;20.09.2022;05.10.2022;18.10.2022;02.11.2022;15.11.2022;29.11.2022;13.12.2022;28.12.2022
Kirkheim - Camicheldorf,paper,28.01.2022;25.02.2022;25.03.2022;23.04.2022;20.05.2022;18.06.2022;15.07.2022;12.08.2022;09.09.2022;08.10.2022;05.11.2022;02.12.2022;31.12.2022
Kirkheim - Camicheldorf,plastic,24.01.2022;21.02.2022;21.03.2022;19.04.2022;16.05.2022;13.06.2022;11.07.2022;08.08.2022;05.09.2022;04.10.2022;31.10.2022;28.11.2022;27.12.2022
Kirkheim - Camicheldorf,bulk garbage,03.02.2022;07.04.2022;09.06.2022;11.08.2022;13.10.2022;08.12.2022
Kirkheim - Camicheldorf,special waste,21.05.2022;26.11.2022
Kirkheim - Camilingdorf,residual waste,04.01.2022;18.01.2022;01.02.2022;15.02.2022;01.03.2022;15.03.2022;29.03.2022;11.04.2022;26.04.2022;10.05.2022;24.05.2022;08.06.2022;21.06.2022;05.07.2022;19.07.2022;02.08.2022;17.08.2022;30.08.2022;13.09.2022;27.09.2022;11.10.2022;25.10.2022;08.11.2022;22.11.2022;06.12.2022;20.12.2022
Kirkheim - Camilingdorf,organic,11.01.2022;25.01.2022;08.02.2022;22.02.2022;08.03.2022;22.03.2022;05.04.2022;20.04.2022;03.05.2022;17.05.2022;31.05.2022;14.06.2022;28.06.2022;12.07.2022;26.07.2022;09.08.2022;23.08.2022;06.09.2022;20.09.2022;05.10.2022;18.10.2022;02.11.2022;15.11.2022;29.11.2022;13.12.2022;28.12.2022
Kirkheim - Camilingdorf,paper,28.01.2022;25.02.2022;25.03.2022;23.04.2022;20.05.2022;18.06.2022;15.07.2022;12.08.2022;09.09.2022;08.10.2022;05.11.2022;02.12.2022;31.12.2022
Kirkheim - Camilingdorf,plastic,24.01.2022;21.02.2022;21.03.2022;19.04.2022;16.05.2022;13.06.2022;11.07.2022;08.08.2022;05.09.2022;04.10.2022;31.10.2022;28.11.2022;27.12.2022
Kirkheim - Camilingdorf,bulk garbage,03.02.2022;07.04.2022;09.06.2022;11.08.2022;13.10.2022;08.12.2022
Kirkheim - Camilingdorf,special waste,21.05.2022;26.11.2022
Kirkheim - Camiridorf,residual waste,04.01.2022;18.01.2022;01.02.2022;15.02.2022;01.03.2022;15.03.2022;29.03.2022;11.04.2022;26.04.2022;10.05.2022;24.05.2022;08.06.2022;21.06.2022;05.07.2022;19.07.2022;02.08.2022;17.08.2022;30.08.2022;13.09.2022;27.09.2022;11.10.2022;25.10.2022;08.11.2022;22.11.2022;06.12.2022;20.12.2022
Kirkheim - Camiridorf,organic,11.01.2022;25.01.2022;08.02.2022;22.02.2022;08.03.2022;22.03.2022;05.04.2022;20.04.2022;03.05.2022;17.05.2022;31.05.2022;14.06.2022;28.06.2022;12.07.2022;26.07.2022;09.08.2022;23.08.2022;06.09.2022;20.09.2022;05.10.2022;18.10.2022;02.11.2022;15.11.2022;29.11.2022;13.12.2022;28.12.2022
Kirkheim - Camiridorf,paper,28.01.2022;25.02.2022;25.03.2022;23.04.2022;20.05.2022;18.06.2022;15.07.2022;12.08.2022;09.09.2022;08.10.2022;05.11.2022;02.12.2022;31.12.2022
Kirkheim - Camiridorf,plastic,24.01.2022;21.02.2022;21.03.2022;19.04.2022;16.05.2022;13.06.2022;11.07.2022;08.08.2022;05.09.2022;04.10.2022;31.10.2022;28.11.2022;27.12.2022
Kirkheim - Camiridorf,bulk garbage,03.02.2022;07.04.2022;09.06.2022;11.08.2022;13.10.2022;08.12.2022
Kirkheim - Camiridorf,special waste,21.05.2022;26.11.2022
Kirkheim - Campbelldorf,residual waste,04.01.2022;18.01.2022;01.02.2022;15.02.2022;01.03.2022;15.03.2022;29.03.2022;11.04.2022;26.04.2022;10.05.2022;24.05.2022;08.06.2022;21.06.2022;05.07.2022;19.07.2022;02.08.2022;17.08.2022;30.08.2022;13.09.2022;27.09.2022;11.10.2022;25.10.2022;08.11.2022;22.11.2022;06.12.2022;20.12.2022
Kirkheim - Campbelldorf,organic,11.01.2022;25.01.2022;08.02.2022;22.02.2022;08.03.2022;22.03.2022;05.04.2022;20.04.2022;03.05.2022;17.05.2022;31.05.2022;14.06.2022;28.06.2022;12.07.2022;26.07.2022;09.08.2022;23.08.2022;06.09.2022;20.09.2022;05.10.2022;18.10.2022;02.11.2022;15.11.2022;29.11.2022;13.12.2022;28.12.2022
Kirkheim - Campbelldorf,paper,28.01.2022;25.02.2022;25.03.2022;23.04.2022;20.05.2022;18.06.2022;15.07.2022;12.08.2022;09.09.2022;08.10.2022;05.11.2022;02.12.2022;31.12.2022
Kirkheim - Campbelldorf,plastic,24.01.2022;21.02.2022;21.03.2022;19.04.2022;16.05.2022;13.06.2022;11.07.2022;08.08.2022;05.09.2022;04.10.2022;31.10.2022;28.11.2022;27.12.2022
Kirkheim - Campbelldorf,bulk garbage,03.02.2022;07.04.2022;09.06.2022;11.08.2022;13.10.2022;08.12.2022
Kirkheim - Campbelldorf,special waste,21.05.2022;26.11.2022
Kirkheim - Candorf,residual waste,04.01.2022;18.01.2022;01.02.2022;15.02.2022;01.03.2022;15.03.2022;29.03.2022;11.04.2022;26.04.2022;10.05.2022;24.05.2022;08.06.2022;21.06.2022;05.07.2022;19.07.2022;02.08.2022;17.08.2022;30.08.2022;13.09.2022;27.09.2022;11.10.2022;25.10.2022;08.11.2022;22.11.2022;06.12.2022;20.12.2022
Kirkheim - Candorf,organic,11.01.2022;25.01.2022;08.02.2022;22.02.2022;08.03.2022;22.03.2022;05.04.2022;20.04.2022;03.05.2022;17.05.2022;31.05.2022;14.06.2022;28.06.2022;12.07.2022;26.07.2022;09.08.2022;23.08.2022;06.09.2022;20.09.2022;05.10.2022;18.10.2022;02.11.2022;15.11.2022;29.11.2022;13.12.2022;28.12.2022
Kirkheim - Candorf,paper,28.01.2022;25.02.2022;25.03.2022;23.04.2022;20.05.2022;18.06.2022;15.07.2022;12.08.2022;09.09.2022;08.10.2022;05.11.2022;02.12.2022;31.12.2022
Kirkheim - Candorf,plastic,24.01.2022;21.02.2022;21.03.2022;19.04.2022;16.05.2022;13.06.2022;11.07.2022;08.08.2022;05.09.2022;04.10.2022;31.10.2022;28.11.2022;27.12.2022
Kirkheim - Candorf,bulk garbage,03.02.2022;07.04.2022;09.06.2022;11.08.2022;13.10.2022;08.12.2022
Kirkheim - Candorf,special waste,21.05.2022;26.11.2022
Kirkheim - Canaladorf,residual waste,04.01.2022;18.01.2022;01.02.2022;15.02.2022;01.03.2022;15.03.2022;29.03.2022;11.04.2022;26.04.2022;10.05.2022;24.05.2022;08.06.2022;21.06.2022;05.07.2022;19.07.2022;02.08.2022;17.08.2022;30.08.2022;13.09.2022;27.09.2022;11.10.2022;25.10.2022;08.11.2022;22.11.2022;06.12.2022;20.12.2022
Kirkheim - Canaladorf,organic,11.01.2022;25.01.2022;08.02.2022;22.02.2022;08.03.2022;22.03.2022;05.04.2022;20.04.2022;03.05.2022;17.05.2022;31.05.2022;14.06.2022;28.06.2022;12.07.2022;26.07.2022;09.08.2022;23.08.2022;06.09.2022;20.09.2022;05.10.2022;18.10.2022;02.11.2022;15.11.2022;29.11.2022;13.12.2022;28.12.2022
Kirkheim - Canaladorf,paper,28.01.2022;25.02.2022;25.03.2022;23.04.2022;20.05.2022;18.06.2022;15.07.2022;12.08.2022;09.09.2022;08.10.2022;05.11.2022;02.12.2022;31.12.2022
Kirkheim - Canaladorf,plastic,24.01.2022;21.02.2022;21.03.2022;19.04.2022;16.05.2022;13.06.2022;11.07.2022;08.08.2022;05.09.2022;04.10.2022;31.10.2022;28.11.2022;27.12.2022
Kirkheim - Canaladorf,bulk garbage,03.02.2022;07.04.2022;09.06.2022;11.08.2022;13.10.2022;08.12.2022
Kirkheim - Canaladorf,special waste,21.05.2022;26.11.2022
Kirkheim - Caasdorf,residual waste,04.01.2022;18.01.2022;01.02.2022;15.02.2022;01.03.2022;15.03.2022;29.03.2022;11.04.2022;26.04.2022;10.05.2022;24.05.2022;08.06.2022;21.06.2022;05.07.2022;19.07.2022;02.08.2022;17.08.2022;30.08.2022;13.09.2022;27.09.2022;11.10.2022;25.10.2022;08.11.2022;22.11.2022;06.12.2022;20.12.2022
Kirkheim - Caasdorf,organic,11.01.2022;25.01.2022;08.02.2022;22.02.2022;08.03.2022;22.03.2022;05.04.2022;20.04.2022;03.05.2022;17.05.2022;31.05.2022;14.06.2022;28.06.2022;12.07.2022;26.07.2022;09.08.2022;23.08.2022;06.09.2022;20.09.2022;05.10.2022;18.10.2022;02.11.2022;15.11.2022;29.11.2022;13.12.2022;28.12.2022
Kirkheim - Caasdorf,paper,28.01.2022;25.02.2022;25.03.2022;23.04.2022;20.05.2022;18.06.2022;15.07.2022;12.08.2022;09.09.2022;08.10.2022;05.11.2022;02.12.2022;31.12.2022
Kirkheim - Caasdorf,plastic,24.01.2022;21.02.2022;21.03.2022;19.04.2022;16.05.2022;13.06.2022;11.07.2022;08.08.2022;05.09.2022;04.10.2022;31.10.2022;28.11.2022;27.12.2022
Kirkheim - Caasdorf,bulk garbage,03.02.2022;07.04.2022;09.06.2022;11.08.2022;13.10.2022;08.12.2022
Kirkheim - Caasdorf,special waste,21.05.2022;26.11.2022
Kirkheim - Canaveraldorf,residual waste,04.01.2022;18.01.2022;01.02.2022;15.02.2022;01.03.2022;15.03.2022;29.03.2022;11.04.2022;26.04.2022;10.05.2022;24.05.2022;08.06.2022;21.06.2022;05.07.2022;19.07.2022;02.08.2022;17.08.2022;30.08.2022;13.09.2022;27.09.2022;11.10.2022;25.10.2022;08.11.2022;22.11.2022;06.12.2022;20.12.2022
Kirkheim - Canaveraldorf,organic,11.01.2022;25.01.2022;08.02.2022;22.02.2022;08.03.2022;22.03.2022;05.04.2022;20.04.2022;03.05.2022;17.05.2022;31.05.2022;14.06.2022;28.06.2022;12.07.2022;26.07.2022;09.08.2022;23.08.2022;06.09.2022;20.09.2022;05.10.2022;18.10.2022;02.11.2022;15.11.2022;29.11.2022;13.12.2022;28.12.2022
Kirkheim - Canaveraldorf,paper,28.01.2022;25.02.2022;25.03.2022;23.04.2022;20.05.2022;18.06.2022;15.07.2022;12.08.2022;09.09.2022;08.10.2022;05.11.2022;02.12.2022;31.12.2022
Kirkheim - Canaveraldorf,plastic,24.01.2022;21.02.2022;21.03.2022;19.04.2022;16.05.2022;13.06.2022;11.07.2022;08.08.2022;05.09.2022;04.10.2022;31.10.2022;28.11.2022;27.12.2022
Kirkheim - Canaveraldorf,bulk garbage,03.02.2022;07.04.2022;09.06.2022;11.08.2022;13.10.2022;08.12.2022
Kirkheim - Canaveraldorf,special waste,21.05.2022;26.11.2022
Kirkheim - Canberradorf,residual waste,04.01.2022;18.01.2022;01.02.2022;15.02.2022;01.03.2022;15.03.2022;29.03.2022;11.04.2022;26.04.2022;10.05.2022;24.05.2022;08.06.2022;21.06.2022;05.07.2022;19.07.2022;02.08.2022;17.08.2022;30.08.2022;13.09.2022;27.09.2022;11.10.2022;25.10.2022;08.11.2022;22.11.2022;06.12.2022;20.12.2022
Kirkheim - Canberradorf,organic,11.01.2022;25.01.2022;08.02.2022;22.02.2022;08.03.2022;22.03.2022;05.04.2022;20.04.2022;03.05.2022;17.05.2022;31.05.2022;14.06.2022;28.06.2022;12.07.2022;26.07.2022;09.08.2022;23.08.2022;06.09.2022;20.09.2022;05.10.2022;18.10.2022;02.11.2022;15.11.2022;29.11.2022;13.12.2022;28.12.2022
Kirkheim - Canberradorf,paper,28.01.2022;25.02.2022;25.03.2022;23.04.2022;20.05.2022;18.06.2022;15.07.2022;12.08.2022;09.09.2022;08.10.2022;05.11.2022;02.12.2022;31.12.2022
Kirkheim - Canberradorf,plastic,24.01.2022;21.02.2022;21.03.2022;19.04.2022;16.05.2022;13.06.2022;11.07.2022;08.08.2022;05.09.2022;04.10.2022;31.10.2022;28.11.2022;27.12.2022
Kirkheim - Canberradorf,bulk garbage,03.02.2022;07.04.2022;09.06.2022;11.08.2022;13.10.2022;08.12.2022
Kirkheim - Canberradorf,special waste,21.05.2022;26.11.2022
Kirkheim - Camposdorf,residual waste,04.01.2022;18.01.2022;01.02.2022;15.02.2022;01.03.2022;15.03.2022;29.03.2022;11.04.2022;26.04.2022;10.05.2022;24.05.2022;08.06.2022;21.06.2022;05.07.2022;19.07.2022;02.08.2022;17.08.2022;30.08.2022;13.09.2022;27.09.2022;11.10.2022;25.10.2022;08.11.2022;22.11.2022;06.12.2022;20.12.2022
Kirkheim - Camposdorf,organic,11.01.2022;25.01.2022;08.02.2022;22.02.2022;08.03.2022;22.03.2022;05.04.2022;20.04.2022;03.05.2022;17.05.2022;31.05.2022;14.06.2022;28.06.2022;12.07.2022;26.07.2022;09.08.2022;23.08.2022;06.09.2022;20.09.2022;05.10.2022;18.10.2022;02.11.2022;15.11.2022;29.11.2022;13.12.2022;28.12.2022
Kirkheim - Camposdorf,paper,28.01.2022;25.02.2022;25.03.2022;23.04.2022;20.05.2022;18.06.2022;15.07.2022;12.08.2022;09.09.2022;08.10.2022;05.11.2022;02.12.2022;31.12.2022
Kirkheim - Camposdorf,plastic,25.01.2022;22.02.2022;22.03.2022;20.04.2022;17.05.2022;14.06.2022;12.07.2022;09.08.2022;06.09.2022;05.10.2022;02.11.2022;29.11.2022;28.12.2022
Kirkheim - Camposdorf,bulk garbage,03.02.2022;07.04.2022;09.06.2022;11.08.2022;13.10.2022;08.12.2022
Kirkheim - Camposdorf,special waste,21.05.2022;26.11.2022
